Workbook

Sheet นครสวรรค์(2)
A1: บริษัท แวลู่พลัส รีเทล จำกัด | G1: รถคันที่ : | H1: 1/1
G2: วันที่ :
A3: ใบจัดสินค้า
A4: ลูกค้า | B4: บริษัท ซีพี ออลล์ จำกัด | D4: สถานที่จัดส่ง | F4: BDC.นครสวรรค์
A5: IV | D5: วันที่ส่ง | J5: คำวนตะกร้า
J6: ตะกร้าเต็ม | L6: ตะกร้าเศษ
A7: ลำดับ | B7: ชื่อสินค้า | C7: บรรจุ | D7: จำนวน | E7: หน่วย | F7: MFD | G7: BBF/EXP | H7: อายุคงเหลือ (วัน) | J7: ใบ | K7: ชิ้น | L7: ใบ | M7: ชิ้น | N7: เกณฑ์ | O7: คงเหลือวันที่ส่งได้
A8: 1 | B8: NEWยูมิยูมิ มิลค์เค้ก 55กรัม | C8: =SUMIF(Data!E:E,B8,Data!F:F) -> 42 | E8: ชิ้น | H8: =+G8-$D$6 -> 0 | J8: =ROUNDDOWN((D8/C8),0) -> 0 | K8: =SUMIF(Data!E:E,'มหาชัย(2)'!B8,Data!F:F)*J8 -> 0 | L8: =ROUNDUP((M8/C8),0) -> 0 | M8: =D8-K8 -> 0 | N8: =INDEX(Data!C:C,MATCH(F4,Data!B:B,0)) -> 60 | O8: =H8-N8 -> -60
A9: 2 | B9: ใหม่ !! ยูมิยูมิ เค้กไข่ชีส 78กรัม | C9: =SUMIF(Data!E:E,B9,Data!F:F) -> 36 | E9: ชิ้น | H9: =+G9-$D$6 -> 0 | J9: =ROUNDDOWN((D9/C9),0) -> 0 | K9: =SUMIF(Data!E:E,'มหาชัย(2)'!B9,Data!F:F)*J9 -> 0 | L9: =ROUNDUP((M9/C9),0) -> 0 | M9: =D9-K9 -> 0 | N9: =INDEX(Data!C:C,MATCH(F5,Data!B:B,0)) -> #N/A | O9: =H9-N9 -> #N/A
A10: 3 | B10: ยูมิยูมิ เค้กอัลมอนด์ 75กรัม | C10: =SUMIF(Data!E:E,B10,Data!F:F) -> 42 | E10: ชิ้น | H10: =+G10-$D$6 -> 0 | J10: =ROUNDDOWN((D10/C10),0) -> 0 | K10: =SUMIF(Data!E:E,'มหาชัย(2)'!B10,Data!F:F)*J10 -> 0 | L10: =ROUNDUP((M10/C10),0) -> 0 | M10: =D10-K10 -> 0 | N10: =INDEX(Data!C:C,MATCH(F6,Data!B:B,0)) -> #N/A | O10: =H10-N10 -> #N/A
A11: 4 | B11: ยูมิยูมิ โรลช็อกโกแลตเค้ก 55กรัม | C11: =SUMIF(Data!E:E,B11,Data!F:F) -> 50 | E11: ชิ้น | H11: =+G11-$D$6 -> 0 | J11: =ROUNDDOWN((D11/C11),0) -> 0 | K11: =SUMIF(Data!E:E,'มหาชัย(2)'!B11,Data!F:F)*J11 -> 0 | L11: =ROUNDUP((M11/C11),0) -> 0 | M11: =D11-K11 -> 0 | N11: =INDEX(Data!C:C,MATCH(F7,Data!B:B,0)) -> #N/A | O11: =H11-N11 -> #N/A
A12: 5 | B12: ยูมิยูมิ มินิครีมเค้ก 40กรัม | C12: =SUMIF(Data!E:E,B12,Data!F:F) -> 81 | E12: ชิ้น | H12: =+G12-$D$6 -> 0 | J12: =ROUNDDOWN((D12/C12),0) -> 0 | K12: =SUMIF(Data!E:E,'มหาชัย(2)'!B12,Data!F:F)*J12 -> 0 | L12: =ROUNDUP((M12/C12),0) -> 0 | M12: =D12-K12 -> 0 | N12: =INDEX(Data!C:C,MATCH(F8,Data!B:B,0)) -> #N/A | O12: =H12-N12 -> #N/A
A13: 6 | B13: ยูมิยูมิ เค้กครีมสลัดไก่หยอง 75กรัม | C13: =SUMIF(Data!E:E,B13,Data!F:F) -> 42 | E13: ชิ้น | H13: =+G13-$D$6 -> 0 | J13: =ROUNDDOWN((D13/C13),0) -> 0 | K13: =SUMIF(Data!E:E,'มหาชัย(2)'!B13,Data!F:F)*J13 -> 0 | L13: =ROUNDUP((M13/C13),0) -> 0 | M13: =D13-K13 -> 0 | N13: =INDEX(Data!C:C,MATCH(F9,Data!B:B,0)) -> #N/A | O13: =H13-N13 -> #N/A
A14: 7 | B14: ยูมิยูมิ ชิสึเค้ก 70กรัม | C14: =SUMIF(Data!E:E,B14,Data!F:F) -> 32 | E14: ชิ้น | H14: =+G14-$D$6 -> 0 | J14: =ROUNDDOWN((D14/C14),0) -> 0 | K14: =SUMIF(Data!E:E,'มหาชัย(2)'!B14,Data!F:F)*J14 -> 0 | L14: =ROUNDUP((M14/C14),0) -> 0 | M14: =D14-K14 -> 0 | N14: =INDEX(Data!C:C,MATCH(F10,Data!B:B,0)) -> #N/A | O14: =H14-N14 -> #N/A
A15: 8 | B15: ยูมิยูมิ บลูเบอร์รี่เค้ก 52กรัม | C15: =SUMIF(Data!E:E,B15,Data!F:F) -> 70 | E15: ชิ้น | H15: =+G15-$D$6 -> 0 | J15: =ROUNDDOWN((D15/C15),0) -> 0 | K15: =SUMIF(Data!E:E,'มหาชัย(2)'!B15,Data!F:F)*J15 -> 0 | L15: =ROUNDUP((M15/C15),0) -> 0 | M15: =D15-K15 -> 0 | N15: =INDEX(Data!C:C,MATCH(F11,Data!B:B,0)) -> #N/A | O15: =H15-N15 -> #N/A
A16: 9 | B16: ยูมิยูมิ เค้กสาหร่ายไก่หยอง 75กรัม | C16: =SUMIF(Data!E:E,B16,Data!F:F) -> 45 | E16: ชิ้น | H16: =+G16-$D$6 -> 0 | J16: =ROUNDDOWN((D16/C16),0) -> 0 | K16: =SUMIF(Data!E:E,'มหาชัย(2)'!B16,Data!F:F)*J16 -> 0 | L16: =ROUNDUP((M16/C16),0) -> 0 | M16: =D16-K16 -> 0 | N16: =INDEX(Data!C:C,MATCH(F12,Data!B:B,0)) -> #N/A | O16: =H16-N16 -> #N/A
A17: 10 | B17: ยูมิยูมิ เค้กช็อกโกแลตเฮเซลนัท 75กรัม | C17: =SUMIF(Data!E:E,B17,Data!F:F) -> 48 | E17: ชิ้น | H17: =+G17-$D$6 -> 0 | J17: =ROUNDDOWN((D17/C17),0) -> 0 | K17: =SUMIF(Data!E:E,'มหาชัย(2)'!B17,Data!F:F)*J17 -> 0 | L17: =ROUNDUP((M17/C17),0) -> 0 | M17: =D17-K17 -> 0 | N17: =INDEX(Data!C:C,MATCH(F13,Data!B:B,0)) -> #N/A | O17: =H17-N17 -> #N/A
A18: 11 | B18: ยูมิยูมิ ชิฟฟอนชีสเค้ก 75กรัม | C18: =SUMIF(Data!E:E,B18,Data!F:F) -> 48 | E18: ชิ้น | H18: =+G18-$D$6 -> 0 | J18: =ROUNDDOWN((D18/C18),0) -> 0 | K18: =SUMIF(Data!E:E,'มหาชัย(2)'!B18,Data!F:F)*J18 -> 0 | L18: =ROUNDUP((M18/C18),0) -> 0 | M18: =D18-K18 -> 0 | N18: =INDEX(Data!C:C,MATCH(F14,Data!B:B,0)) -> #N/A | O18: =H18-N18 -> #N/A
A19: 12 | B19: วาฟเฟิลครีมโคโคนัทมิลค์ 62กรัม | C19: =SUMIF(Data!E:E,B19,Data!F:F) -> 60 | E19: ชิ้น | H19: =+G19-$D$6 -> 0 | J19: =ROUNDDOWN((D19/C19),0) -> 0 | K19: =SUMIF(Data!E:E,'มหาชัย(2)'!B19,Data!F:F)*J19 -> 0 | L19: =ROUNDUP((M19/C19),0) -> 0 | M19: =D19-K19 -> 0 | N19: =INDEX(Data!C:C,MATCH(F15,Data!B:B,0)) -> #N/A | O19: =H19-N19 -> #N/A
... A26: 19 | B26: ยูมิยูมิ มินิเค้กไส้ครีมกล้วยหอม 40กรัม | C26: =SUMIF(Data!E:E,B26,Data!F:F) -> 81 | E26: ชิ้น | H26: =+G26-$D$6 -> 0 | J26: =ROUNDDOWN((D26/C26),0) -> 0 | K26: =SUMIF(Data!E:E,'มหาชัย(2)'!B26,Data!F:F)*J26 -> 0 | L26: =ROUNDUP((M26/C26),0) -> 0 | M26: =D26-K26 -> 0 | N26: =INDEX(Data!C:C,MATCH(F22,Data!B:B,0)) -> #N/A | O26: =H26-N26 -> #N/A
A27: ยอดรวมสินค้า | J27: ตะกร้าเต็ม | K27: ตะกร้าเศษ | L27: รวมตะกร้า
J28: =SUM($J$8:$J$26) -> 0 | K28: =SUM($L$8:$L$26) -> 0 | L28: =SUM(J28:K28) -> 0
B30: ผู้รับผิดชอบ.......................................... ผู้ตรวจ (เช็คเกอร์)....................................... | G30: พนักงานขนส่ง.......................................... | K30: ยอดตระกร้ารวม | L30: =SUM('นครสวรรค์(2):ขอนแก่น(1)'!L28) -> 0
B31: วันที่จัดเสร็จ.......................................... วันที่จัดเสร็จ................................................ | G31: ทะเบียนขนส่ง............................................. | K31: ใช้รถ | L31: =L30/200 -> 0
B32: เวลาที่จัดเสร็จ......................................... เวลาที่จัดเสร็จ............................................ | G32: เลขซีล/สี.....................................................

Sheet นครสวรรค์(1)
A1: บริษัท แวลู่พลัส รีเทล จำกัด | G1: รถคันที่ : | H1: 1/1
G2: วันที่ :
A3: ใบจัดสินค้า
A4: ลูกค้า | B4: บริษัท ซีพี ออลล์ จำกัด | D4: สถานที่จัดส่ง | F4: BDC.นครสวรรค์
A5: IV | D5: วันที่ส่ง | J5: คำวนตะกร้า
J6: ตะกร้าเต็ม | L6: ตะกร้าเศษ
A7: ลำดับ | B7: ชื่อสินค้า | C7: บรรจุ | D7: จำนวน | E7: หน่วย | F7: MFD | G7: BBF/EXP | H7: อายุคงเหลือ (วัน) | J7: ใบ | K7: ชิ้น | L7: ใบ | M7: ชิ้น | N7: เกณฑ์ | O7: คงเหลือวันที่ส่งได้
A8: 1 | B8: NEWยูมิยูมิ มิลค์เค้ก 55กรัม | C8: =SUMIF(Data!E:E,B8,Data!F:F) -> 42 | E8: ชิ้น | H8: =+G8-$D$6 -> 0 | J8: =ROUNDDOWN((D8/C8),0) -> 0 | K8: =SUMIF(Data!E:E,'มหาชัย(2)'!B8,Data!F:F)*J8 -> 0 | L8: =ROUNDUP((M8/C8),0) -> 0 | M8: =D8-K8 -> 0 | N8: =INDEX(Data!C:C,MATCH(F4,Data!B:B,0)) -> 60 | O8: =H8-N8 -> -60
A9: 2 | B9: ใหม่ !! ยูมิยูมิ เค้กไข่ชีส 78กรัม | C9: =SUMIF(Data!E:E,B9,Data!F:F) -> 36 | E9: ชิ้น | H9: =+G9-$D$6 -> 0 | J9: =ROUNDDOWN((D9/C9),0) -> 0 | K9: =SUMIF(Data!E:E,'มหาชัย(2)'!B9,Data!F:F)*J9 -> 0 | L9: =ROUNDUP((M9/C9),0) -> 0 | M9: =D9-K9 -> 0 | N9: =INDEX(Data!C:C,MATCH(F5,Data!B:B,0)) -> #N/A | O9: =H9-N9 -> #N/A
A10: 3 | B10: ยูมิยูมิ เค้กอัลมอนด์ 75กรัม | C10: =SUMIF(Data!E:E,B10,Data!F:F) -> 42 | E10: ชิ้น | H10: =+G10-$D$6 -> 0 | J10: =ROUNDDOWN((D10/C10),0) -> 0 | K10: =SUMIF(Data!E:E,'มหาชัย(2)'!B10,Data!F:F)*J10 -> 0 | L10: =ROUNDUP((M10/C10),0) -> 0 | M10: =D10-K10 -> 0 | N10: =INDEX(Data!C:C,MATCH(F6,Data!B:B,0)) -> #N/A | O10: =H10-N10 -> #N/A
A11: 4 | B11: ยูมิยูมิ โรลช็อกโกแลตเค้ก 55กรัม | C11: =SUMIF(Data!E:E,B11,Data!F:F) -> 50 | E11: ชิ้น | H11: =+G11-$D$6 -> 0 | J11: =ROUNDDOWN((D11/C11),0) -> 0 | K11: =SUMIF(Data!E:E,'มหาชัย(2)'!B11,Data!F:F)*J11 -> 0 | L11: =ROUNDUP((M11/C11),0) -> 0 | M11: =D11-K11 -> 0 | N11: =INDEX(Data!C:C,MATCH(F7,Data!B:B,0)) -> #N/A | O11: =H11-N11 -> #N/A
A12: 5 | B12: ยูมิยูมิ มินิครีมเค้ก 40กรัม | C12: =SUMIF(Data!E:E,B12,Data!F:F) -> 81 | E12: ชิ้น | H12: =+G12-$D$6 -> 0 | J12: =ROUNDDOWN((D12/C12),0) -> 0 | K12: =SUMIF(Data!E:E,'มหาชัย(2)'!B12,Data!F:F)*J12 -> 0 | L12: =ROUNDUP((M12/C12),0) -> 0 | M12: =D12-K12 -> 0 | N12: =INDEX(Data!C:C,MATCH(F8,Data!B:B,0)) -> #N/A | O12: =H12-N12 -> #N/A
A13: 6 | B13: ยูมิยูมิ เค้กครีมสลัดไก่หยอง 75กรัม | C13: =SUMIF(Data!E:E,B13,Data!F:F) -> 42 | E13: ชิ้น | H13: =+G13-$D$6 -> 0 | J13: =ROUNDDOWN((D13/C13),0) -> 0 | K13: =SUMIF(Data!E:E,'มหาชัย(2)'!B13,Data!F:F)*J13 -> 0 | L13: =ROUNDUP((M13/C13),0) -> 0 | M13: =D13-K13 -> 0 | N13: =INDEX(Data!C:C,MATCH(F9,Data!B:B,0)) -> #N/A | O13: =H13-N13 -> #N/A
A14: 7 | B14: ยูมิยูมิ ชิสึเค้ก 70กรัม | C14: =SUMIF(Data!E:E,B14,Data!F:F) -> 32 | E14: ชิ้น | H14: =+G14-$D$6 -> 0 | J14: =ROUNDDOWN((D14/C14),0) -> 0 | K14: =SUMIF(Data!E:E,'มหาชัย(2)'!B14,Data!F:F)*J14 -> 0 | L14: =ROUNDUP((M14/C14),0) -> 0 | M14: =D14-K14 -> 0 | N14: =INDEX(Data!C:C,MATCH(F10,Data!B:B,0)) -> #N/A | O14: =H14-N14 -> #N/A
A15: 8 | B15: ยูมิยูมิ บลูเบอร์รี่เค้ก 52กรัม | C15: =SUMIF(Data!E:E,B15,Data!F:F) -> 70 | E15: ชิ้น | H15: =+G15-$D$6 -> 0 | J15: =ROUNDDOWN((D15/C15),0) -> 0 | K15: =SUMIF(Data!E:E,'มหาชัย(2)'!B15,Data!F:F)*J15 -> 0 | L15: =ROUNDUP((M15/C15),0) -> 0 | M15: =D15-K15 -> 0 | N15: =INDEX(Data!C:C,MATCH(F11,Data!B:B,0)) -> #N/A | O15: =H15-N15 -> #N/A
A16: 9 | B16: ยูมิยูมิ เค้กสาหร่ายไก่หยอง 75กรัม | C16: =SUMIF(Data!E:E,B16,Data!F:F) -> 45 | E16: ชิ้น | H16: =+G16-$D$6 -> 0 | J16: =ROUNDDOWN((D16/C16),0) -> 0 | K16: =SUMIF(Data!E:E,'มหาชัย(2)'!B16,Data!F:F)*J16 -> 0 | L16: =ROUNDUP((M16/C16),0) -> 0 | M16: =D16-K16 -> 0 | N16: =INDEX(Data!C:C,MATCH(F12,Data!B:B,0)) -> #N/A | O16: =H16-N16 -> #N/A
A17: 10 | B17: ยูมิยูมิ เค้กช็อกโกแลตเฮเซลนัท 75กรัม | C17: =SUMIF(Data!E:E,B17,Data!F:F) -> 48 | E17: ชิ้น | H17: =+G17-$D$6 -> 0 | J17: =ROUNDDOWN((D17/C17),0) -> 0 | K17: =SUMIF(Data!E:E,'มหาชัย(2)'!B17,Data!F:F)*J17 -> 0 | L17: =ROUNDUP((M17/C17),0) -> 0 | M17: =D17-K17 -> 0 | N17: =INDEX(Data!C:C,MATCH(F13,Data!B:B,0)) -> #N/A | O17: =H17-N17 -> #N/A
A18: 11 | B18: ยูมิยูมิ ชิฟฟอนชีสเค้ก 75กรัม | C18: =SUMIF(Data!E:E,B18,Data!F:F) -> 48 | E18: ชิ้น | H18: =+G18-$D$6 -> 0 | J18: =ROUNDDOWN((D18/C18),0) -> 0 | K18: =SUMIF(Data!E:E,'มหาชัย(2)'!B18,Data!F:F)*J18 -> 0 | L18: =ROUNDUP((M18/C18),0) -> 0 | M18: =D18-K18 -> 0 | N18: =INDEX(Data!C:C,MATCH(F14,Data!B:B,0)) -> #N/A | O18: =H18-N18 -> #N/A
A19: 12 | B19: วาฟเฟิลครีมโคโคนัทมิลค์ 62กรัม | C19: =SUMIF(Data!E:E,B19,Data!F:F) -> 60 | E19: ชิ้น | H19: =+G19-$D$6 -> 0 | J19: =ROUNDDOWN((D19/C19),0) -> 0 | K19: =SUMIF(Data!E:E,'มหาชัย(2)'!B19,Data!F:F)*J19 -> 0 | L19: =ROUNDUP((M19/C19),0) -> 0 | M19: =D19-K19 -> 0 | N19: =INDEX(Data!C:C,MATCH(F15,Data!B:B,0)) -> #N/A | O19: =H19-N19 -> #N/A
... A26: 19 | B26: ยูมิยูมิ มินิเค้กไส้ครีมกล้วยหอม 40กรัม | C26: =SUMIF(Data!E:E,B26,Data!F:F) -> 81 | E26: ชิ้น | H26: =+G26-$D$6 -> 0 | J26: =ROUNDDOWN((D26/C26),0) -> 0 | K26: =SUMIF(Data!E:E,'มหาชัย(2)'!B26,Data!F:F)*J26 -> 0 | L26: =ROUNDUP((M26/C26),0) -> 0 | M26: =D26-K26 -> 0 | N26: =INDEX(Data!C:C,MATCH(F22,Data!B:B,0)) -> #N/A | O26: =H26-N26 -> #N/A
A27: ยอดรวมสินค้า | J27: ตะกร้าเต็ม | K27: ตะกร้าเศษ | L27: รวมตะกร้า
J28: =SUM($J$8:$J$26) -> 0 | K28: =SUM($L$8:$L$26) -> 0 | L28: =SUM(J28:K28) -> 0
B30: ผู้รับผิดชอบ.......................................... ผู้ตรวจ (เช็คเกอร์)....................................... | G30: พนักงานขนส่ง..........................................
B31: วันที่จัดเสร็จ.......................................... วันที่จัดเสร็จ................................................ | G31: ทะเบียนขนส่ง.............................................
B32: เวลาที่จัดเสร็จ......................................... เวลาที่จัดเสร็จ............................................ | G32: เลขซีล/สี.....................................................

Sheet นครราชสีมา(1)
A1: บริษัท แวลู่พลัส รีเทล จำกัด | G1: รถคันที่ : | H1: 1/1
G2: วันที่ :
A3: ใบจัดสินค้า
A4: ลูกค้า | B4: บริษัท ซีพี ออลล์ จำกัด | D4: สถานที่จัดส่ง | F4: BDC.นครราชสีมา
A5: IV | D5: วันที่ส่ง | J5: คำวนตะกร้า
J6: ตะกร้าเต็ม | L6: ตะกร้าเศษ
A7: ลำดับ | B7: ชื่อสินค้า | C7: บรรจุ | D7: จำนวน | E7: หน่วย | F7: MFD | G7: BBF/EXP | H7: อายุคงเหลือ (วัน) | J7: ใบ | K7: ชิ้น | L7: ใบ | M7: ชิ้น | N7: เกณฑ์ | O7: คงเหลือวันที่ส่งได้
A8: 1 | B8: NEWยูมิยูมิ มิลค์เค้ก 55กรัม | C8: =SUMIF(Data!E:E,B8,Data!F:F) -> 42 | E8: ชิ้น | H8: =+G8-$D$6 -> 0 | J8: =ROUNDDOWN((D8/C8),0) -> 0 | K8: =SUMIF(Data!E:E,'มหาชัย(2)'!B8,Data!F:F)*J8 -> 0 | L8: =ROUNDUP((M8/C8),0) -> 0 | M8: =D8-K8 -> 0 | N8: =INDEX(Data!C:C,MATCH(F4,Data!B:B,0)) -> 60 | O8: =H8-N8 -> -60
A9: 2 | B9: ใหม่ !! ยูมิยูมิ เค้กไข่ชีส 78กรัม | C9: =SUMIF(Data!E:E,B9,Data!F:F) -> 36 | E9: ชิ้น | H9: =+G9-$D$6 -> 0 | J9: =ROUNDDOWN((D9/C9),0) -> 0 | K9: =SUMIF(Data!E:E,'มหาชัย(2)'!B9,Data!F:F)*J9 -> 0 | L9: =ROUNDUP((M9/C9),0) -> 0 | M9: =D9-K9 -> 0 | N9: =INDEX(Data!C:C,MATCH(F5,Data!B:B,0)) -> #N/A | O9: =H9-N9 -> #N/A
A10: 3 | B10: ยูมิยูมิ เค้กอัลมอนด์ 75กรัม | C10: =SUMIF(Data!E:E,B10,Data!F:F) -> 42 | E10: ชิ้น | H10: =+G10-$D$6 -> 0 | J10: =ROUNDDOWN((D10/C10),0) -> 0 | K10: =SUMIF(Data!E:E,'มหาชัย(2)'!B10,Data!F:F)*J10 -> 0 | L10: =ROUNDUP((M10/C10),0) -> 0 | M10: =D10-K10 -> 0 | N10: =INDEX(Data!C:C,MATCH(F6,Data!B:B,0)) -> #N/A | O10: =H10-N10 -> #N/A
A11: 4 | B11: ยูมิยูมิ โรลช็อกโกแลตเค้ก 55กรัม | C11: =SUMIF(Data!E:E,B11,Data!F:F) -> 50 | E11: ชิ้น | H11: =+G11-$D$6 -> 0 | J11: =ROUNDDOWN((D11/C11),0) -> 0 | K11: =SUMIF(Data!E:E,'มหาชัย(2)'!B11,Data!F:F)*J11 -> 0 | L11: =ROUNDUP((M11/C11),0) -> 0 | M11: =D11-K11 -> 0 | N11: =INDEX(Data!C:C,MATCH(F7,Data!B:B,0)) -> #N/A | O11: =H11-N11 -> #N/A
A12: 5 | B12: ยูมิยูมิ มินิครีมเค้ก 40กรัม | C12: =SUMIF(Data!E:E,B12,Data!F:F) -> 81 | E12: ชิ้น | H12: =+G12-$D$6 -> 0 | J12: =ROUNDDOWN((D12/C12),0) -> 0 | K12: =SUMIF(Data!E:E,'มหาชัย(2)'!B12,Data!F:F)*J12 -> 0 | L12: =ROUNDUP((M12/C12),0) -> 0 | M12: =D12-K12 -> 0 | N12: =INDEX(Data!C:C,MATCH(F8,Data!B:B,0)) -> #N/A | O12: =H12-N12 -> #N/A
A13: 6 | B13: ยูมิยูมิ เค้กครีมสลัดไก่หยอง 75กรัม | C13: =SUMIF(Data!E:E,B13,Data!F:F) -> 42 | E13: ชิ้น | H13: =+G13-$D$6 -> 0 | J13: =ROUNDDOWN((D13/C13),0) -> 0 | K13: =SUMIF(Data!E:E,'มหาชัย(2)'!B13,Data!F:F)*J13 -> 0 | L13: =ROUNDUP((M13/C13),0) -> 0 | M13: =D13-K13 -> 0 | N13: =INDEX(Data!C:C,MATCH(F9,Data!B:B,0)) -> #N/A | O13: =H13-N13 -> #N/A
A14: 7 | B14: ยูมิยูมิ ชิสึเค้ก 70กรัม | C14: =SUMIF(Data!E:E,B14,Data!F:F) -> 32 | E14: ชิ้น | H14: =+G14-$D$6 -> 0 | J14: =ROUNDDOWN((D14/C14),0) -> 0 | K14: =SUMIF(Data!E:E,'มหาชัย(2)'!B14,Data!F:F)*J14 -> 0 | L14: =ROUNDUP((M14/C14),0) -> 0 | M14: =D14-K14 -> 0 | N14: =INDEX(Data!C:C,MATCH(F10,Data!B:B,0)) -> #N/A | O14: =H14-N14 -> #N/A
A15: 8 | B15: ยูมิยูมิ บลูเบอร์รี่เค้ก 52กรัม | C15: =SUMIF(Data!E:E,B15,Data!F:F) -> 70 | E15: ชิ้น | H15: =+G15-$D$6 -> 0 | J15: =ROUNDDOWN((D15/C15),0) -> 0 | K15: =SUMIF(Data!E:E,'มหาชัย(2)'!B15,Data!F:F)*J15 -> 0 | L15: =ROUNDUP((M15/C15),0) -> 0 | M15: =D15-K15 -> 0 | N15: =INDEX(Data!C:C,MATCH(F11,Data!B:B,0)) -> #N/A | O15: =H15-N15 -> #N/A
A16: 9 | B16: ยูมิยูมิ เค้กสาหร่ายไก่หยอง 75กรัม | C16: =SUMIF(Data!E:E,B16,Data!F:F) -> 45 | E16: ชิ้น | H16: =+G16-$D$6 -> 0 | J16: =ROUNDDOWN((D16/C16),0) -> 0 | K16: =SUMIF(Data!E:E,'มหาชัย(2)'!B16,Data!F:F)*J16 -> 0 | L16: =ROUNDUP((M16/C16),0) -> 0 | M16: =D16-K16 -> 0 | N16: =INDEX(Data!C:C,MATCH(F12,Data!B:B,0)) -> #N/A | O16: =H16-N16 -> #N/A
A17: 10 | B17: ยูมิยูมิ เค้กช็อกโกแลตเฮเซลนัท 75กรัม | C17: =SUMIF(Data!E:E,B17,Data!F:F) -> 48 | E17: ชิ้น | H17: =+G17-$D$6 -> 0 | J17: =ROUNDDOWN((D17/C17),0) -> 0 | K17: =SUMIF(Data!E:E,'มหาชัย(2)'!B17,Data!F:F)*J17 -> 0 | L17: =ROUNDUP((M17/C17),0) -> 0 | M17: =D17-K17 -> 0 | N17: =INDEX(Data!C:C,MATCH(F13,Data!B:B,0)) -> #N/A | O17: =H17-N17 -> #N/A
A18: 11 | B18: ยูมิยูมิ ชิฟฟอนชีสเค้ก 75กรัม | C18: =SUMIF(Data!E:E,B18,Data!F:F) -> 48 | E18: ชิ้น | H18: =+G18-$D$6 -> 0 | J18: =ROUNDDOWN((D18/C18),0) -> 0 | K18: =SUMIF(Data!E:E,'มหาชัย(2)'!B18,Data!F:F)*J18 -> 0 | L18: =ROUNDUP((M18/C18),0) -> 0 | M18: =D18-K18 -> 0 | N18: =INDEX(Data!C:C,MATCH(F14,Data!B:B,0)) -> #N/A | O18: =H18-N18 -> #N/A
A19: 12 | B19: วาฟเฟิลครีมโคโคนัทมิลค์ 62กรัม | C19: =SUMIF(Data!E:E,B19,Data!F:F) -> 60 | E19: ชิ้น | H19: =+G19-$D$6 -> 0 | J19: =ROUNDDOWN((D19/C19),0) -> 0 | K19: =SUMIF(Data!E:E,'มหาชัย(2)'!B19,Data!F:F)*J19 -> 0 | L19: =ROUNDUP((M19/C19),0) -> 0 | M19: =D19-K19 -> 0 | N19: =INDEX(Data!C:C,MATCH(F15,Data!B:B,0)) -> #N/A | O19: =H19-N19 -> #N/A
... A26: 19 | B26: ยูมิยูมิ มินิเค้กไส้ครีมกล้วยหอม 40กรัม | C26: =SUMIF(Data!E:E,B26,Data!F:F) -> 81 | E26: ชิ้น | H26: =+G26-$D$6 -> 0 | J26: =ROUNDDOWN((D26/C26),0) -> 0 | K26: =SUMIF(Data!E:E,'มหาชัย(2)'!B26,Data!F:F)*J26 -> 0 | L26: =ROUNDUP((M26/C26),0) -> 0 | M26: =D26-K26 -> 0 | N26: =INDEX(Data!C:C,MATCH(F22,Data!B:B,0)) -> #N/A | O26: =H26-N26 -> #N/A
A27: ยอดรวมสินค้า | J27: ตะกร้าเต็ม | K27: ตะกร้าเศษ | L27: รวมตะกร้า
J28: =SUM($J$8:$J$26) -> 0 | K28: =SUM($L$8:$L$26) -> 0 | L28: =SUM(J28:K28) -> 0
B30: ผู้รับผิดชอบ.......................................... ผู้ตรวจ (เช็คเกอร์)....................................... | G30: พนักงานขนส่ง..........................................
B31: วันที่จัดเสร็จ.......................................... วันที่จัดเสร็จ................................................ | G31: ทะเบียนขนส่ง.............................................
B32: เวลาที่จัดเสร็จ......................................... เวลาที่จัดเสร็จ............................................ | G32: เลขซีล/สี.....................................................

Sheet เชียงใหม่(1)
A1: บริษัท แวลู่พลัส รีเทล จำกัด | G1: รถคันที่ : | H1: 1/1
G2: วันที่ :
A3: ใบจัดสินค้า
A4: ลูกค้า | B4: บริษัท ซีพี ออลล์ จำกัด | D4: สถานที่จัดส่ง | F4: BDC.เชียงใหม่
A5: IV | D5: วันที่ส่ง | J5: คำวนตะกร้า
J6: ตะกร้าเต็ม | L6: ตะกร้าเศษ
A7: ลำดับ | B7: ชื่อสินค้า | C7: บรรจุ | D7: จำนวน | E7: หน่วย | F7: MFD | G7: BBF/EXP | H7: อายุคงเหลือ (วัน) | J7: ใบ | K7: ชิ้น | L7: ใบ | M7: ชิ้น | N7: เกณฑ์ | O7: คงเหลือวันที่ส่งได้
A8: 1 | B8: NEWยูมิยูมิ มิลค์เค้ก 55กรัม | C8: =SUMIF(Data!E:E,B8,Data!F:F) -> 42 | E8: ชิ้น | H8: =+G8-$D$6 -> 0 | J8: =ROUNDDOWN((D8/C8),0) -> 0 | K8: =SUMIF(Data!E:E,'มหาชัย(2)'!B8,Data!F:F)*J8 -> 0 | L8: =ROUNDUP((M8/C8),0) -> 0 | M8: =D8-K8 -> 0 | N8: =INDEX(Data!C:C,MATCH(F4,Data!B:B,0)) -> 60 | O8: =H8-N8 -> -60
A9: 2 | B9: ใหม่ !! ยูมิยูมิ เค้กไข่ชีส 78กรัม | C9: =SUMIF(Data!E:E,B9,Data!F:F) -> 36 | E9: ชิ้น | H9: =+G9-$D$6 -> 0 | J9: =ROUNDDOWN((D9/C9),0) -> 0 | K9: =SUMIF(Data!E:E,'มหาชัย(2)'!B9,Data!F:F)*J9 -> 0 | L9: =ROUNDUP((M9/C9),0) -> 0 | M9: =D9-K9 -> 0 | N9: =INDEX(Data!C:C,MATCH(F5,Data!B:B,0)) -> #N/A | O9: =H9-N9 -> #N/A
A10: 3 | B10: ยูมิยูมิ เค้กอัลมอนด์ 75กรัม | C10: =SUMIF(Data!E:E,B10,Data!F:F) -> 42 | E10: ชิ้น | H10: =+G10-$D$6 -> 0 | J10: =ROUNDDOWN((D10/C10),0) -> 0 | K10: =SUMIF(Data!E:E,'มหาชัย(2)'!B10,Data!F:F)*J10 -> 0 | L10: =ROUNDUP((M10/C10),0) -> 0 | M10: =D10-K10 -> 0 | N10: =INDEX(Data!C:C,MATCH(F6,Data!B:B,0)) -> #N/A | O10: =H10-N10 -> #N/A
A11: 4 | B11: ยูมิยูมิ โรลช็อกโกแลตเค้ก 55กรัม | C11: =SUMIF(Data!E:E,B11,Data!F:F) -> 50 | E11: ชิ้น | H11: =+G11-$D$6 -> 0 | J11: =ROUNDDOWN((D11/C11),0) -> 0 | K11: =SUMIF(Data!E:E,'มหาชัย(2)'!B11,Data!F:F)*J11 -> 0 | L11: =ROUNDUP((M11/C11),0) -> 0 | M11: =D11-K11 -> 0 | N11: =INDEX(Data!C:C,MATCH(F7,Data!B:B,0)) -> #N/A | O11: =H11-N11 -> #N/A
A12: 5 | B12: ยูมิยูมิ มินิครีมเค้ก 40กรัม | C12: =SUMIF(Data!E:E,B12,Data!F:F) -> 81 | E12: ชิ้น | H12: =+G12-$D$6 -> 0 | J12: =ROUNDDOWN((D12/C12),0) -> 0 | K12: =SUMIF(Data!E:E,'มหาชัย(2)'!B12,Data!F:F)*J12 -> 0 | L12: =ROUNDUP((M12/C12),0) -> 0 | M12: =D12-K12 -> 0 | N12: =INDEX(Data!C:C,MATCH(F8,Data!B:B,0)) -> #N/A | O12: =H12-N12 -> #N/A
A13: 6 | B13: ยูมิยูมิ เค้กครีมสลัดไก่หยอง 75กรัม | C13: =SUMIF(Data!E:E,B13,Data!F:F) -> 42 | E13: ชิ้น | H13: =+G13-$D$6 -> 0 | J13: =ROUNDDOWN((D13/C13),0) -> 0 | K13: =SUMIF(Data!E:E,'มหาชัย(2)'!B13,Data!F:F)*J13 -> 0 | L13: =ROUNDUP((M13/C13),0) -> 0 | M13: =D13-K13 -> 0 | N13: =INDEX(Data!C:C,MATCH(F9,Data!B:B,0)) -> #N/A | O13: =H13-N13 -> #N/A
A14: 7 | B14: ยูมิยูมิ ชิสึเค้ก 70กรัม | C14: =SUMIF(Data!E:E,B14,Data!F:F) -> 32 | E14: ชิ้น | H14: =+G14-$D$6 -> 0 | J14: =ROUNDDOWN((D14/C14),0) -> 0 | K14: =SUMIF(Data!E:E,'มหาชัย(2)'!B14,Data!F:F)*J14 -> 0 | L14: =ROUNDUP((M14/C14),0) -> 0 | M14: =D14-K14 -> 0 | N14: =INDEX(Data!C:C,MATCH(F10,Data!B:B,0)) -> #N/A | O14: =H14-N14 -> #N/A
A15: 8 | B15: ยูมิยูมิ บลูเบอร์รี่เค้ก 52กรัม | C15: =SUMIF(Data!E:E,B15,Data!F:F) -> 70 | E15: ชิ้น | H15: =+G15-$D$6 -> 0 | J15: =ROUNDDOWN((D15/C15),0) -> 0 | K15: =SUMIF(Data!E:E,'มหาชัย(2)'!B15,Data!F:F)*J15 -> 0 | L15: =ROUNDUP((M15/C15),0) -> 0 | M15: =D15-K15 -> 0 | N15: =INDEX(Data!C:C,MATCH(F11,Data!B:B,0)) -> #N/A | O15: =H15-N15 -> #N/A
A16: 9 | B16: ยูมิยูมิ เค้กสาหร่ายไก่หยอง 75กรัม | C16: =SUMIF(Data!E:E,B16,Data!F:F) -> 45 | E16: ชิ้น | H16: =+G16-$D$6 -> 0 | J16: =ROUNDDOWN((D16/C16),0) -> 0 | K16: =SUMIF(Data!E:E,'มหาชัย(2)'!B16,Data!F:F)*J16 -> 0 | L16: =ROUNDUP((M16/C16),0) -> 0 | M16: =D16-K16 -> 0 | N16: =INDEX(Data!C:C,MATCH(F12,Data!B:B,0)) -> #N/A | O16: =H16-N16 -> #N/A
A17: 10 | B17: ยูมิยูมิ เค้กช็อกโกแลตเฮเซลนัท 75กรัม | C17: =SUMIF(Data!E:E,B17,Data!F:F) -> 48 | E17: ชิ้น | H17: =+G17-$D$6 -> 0 | J17: =ROUNDDOWN((D17/C17),0) -> 0 | K17: =SUMIF(Data!E:E,'มหาชัย(2)'!B17,Data!F:F)*J17 -> 0 | L17: =ROUNDUP((M17/C17),0) -> 0 | M17: =D17-K17 -> 0 | N17: =INDEX(Data!C:C,MATCH(F13,Data!B:B,0)) -> #N/A | O17: =H17-N17 -> #N/A
A18: 11 | B18: ยูมิยูมิ ชิฟฟอนชีสเค้ก 75กรัม | C18: =SUMIF(Data!E:E,B18,Data!F:F) -> 48 | E18: ชิ้น | H18: =+G18-$D$6 -> 0 | J18: =ROUNDDOWN((D18/C18),0) -> 0 | K18: =SUMIF(Data!E:E,'มหาชัย(2)'!B18,Data!F:F)*J18 -> 0 | L18: =ROUNDUP((M18/C18),0) -> 0 | M18: =D18-K18 -> 0 | N18: =INDEX(Data!C:C,MATCH(F14,Data!B:B,0)) -> #N/A | O18: =H18-N18 -> #N/A
A19: 12 | B19: วาฟเฟิลครีมโคโคนัทมิลค์ 62กรัม | C19: =SUMIF(Data!E:E,B19,Data!F:F) -> 60 | E19: ชิ้น | H19: =+G19-$D$6 -> 0 | J19: =ROUNDDOWN((D19/C19),0) -> 0 | K19: =SUMIF(Data!E:E,'มหาชัย(2)'!B19,Data!F:F)*J19 -> 0 | L19: =ROUNDUP((M19/C19),0) -> 0 | M19: =D19-K19 -> 0 | N19: =INDEX(Data!C:C,MATCH(F15,Data!B:B,0)) -> #N/A | O19: =H19-N19 -> #N/A
... A26: 19 | B26: ยูมิยูมิ มินิเค้กไส้ครีมกล้วยหอม 40กรัม | C26: =SUMIF(Data!E:E,B26,Data!F:F) -> 81 | E26: ชิ้น | H26: =+G26-$D$6 -> 0 | J26: =ROUNDDOWN((D26/C26),0) -> 0 | K26: =SUMIF(Data!E:E,'มหาชัย(2)'!B26,Data!F:F)*J26 -> 0 | L26: =ROUNDUP((M26/C26),0) -> 0 | M26: =D26-K26 -> 0 | N26: =INDEX(Data!C:C,MATCH(F22,Data!B:B,0)) -> #N/A | O26: =H26-N26 -> #N/A
A27: ยอดรวมสินค้า | J27: ตะกร้าเต็ม | K27: ตะกร้าเศษ | L27: รวมตะกร้า
J28: =SUM($J$8:$J$26) -> 0 | K28: =SUM($L$8:$L$26) -> 0 | L28: =SUM(J28:K28) -> 0
B30: ผู้รับผิดชอบ.......................................... ผู้ตรวจ (เช็คเกอร์)....................................... | G30: พนักงานขนส่ง..........................................
B31: วันที่จัดเสร็จ.......................................... วันที่จัดเสร็จ................................................ | G31: ทะเบียนขนส่ง.............................................
B32: เวลาที่จัดเสร็จ......................................... เวลาที่จัดเสร็จ............................................ | G32: เลขซีล/สี.....................................................

Sheet เชียงใหม่(2)
A1: บริษัท แวลู่พลัส รีเทล จำกัด | G1: รถคันที่ : | H1: 1/1
G2: วันที่ :
A3: ใบจัดสินค้า
A4: ลูกค้า | B4: บริษัท ซีพี ออลล์ จำกัด | D4: สถานที่จัดส่ง | F4: BDC.เชียงใหม่
A5: IV | D5: วันที่ส่ง | J5: คำวนตะกร้า
J6: ตะกร้าเต็ม | L6: ตะกร้าเศษ
A7: ลำดับ | B7: ชื่อสินค้า | C7: บรรจุ | D7: จำนวน | E7: หน่วย | F7: MFD | G7: BBF/EXP | H7: อายุคงเหลือ (วัน) | J7: ใบ | K7: ชิ้น | L7: ใบ | M7: ชิ้น | N7: เกณฑ์ | O7: คงเหลือวันที่ส่งได้
A8: 1 | B8: NEWยูมิยูมิ มิลค์เค้ก 55กรัม | C8: =SUMIF(Data!E:E,B8,Data!F:F) -> 42 | E8: ชิ้น | H8: =+G8-$D$6 -> 0 | J8: =ROUNDDOWN((D8/C8),0) -> 0 | K8: =SUMIF(Data!E:E,'มหาชัย(2)'!B8,Data!F:F)*J8 -> 0 | L8: =ROUNDUP((M8/C8),0) -> 0 | M8: =D8-K8 -> 0 | N8: =INDEX(Data!C:C,MATCH(F4,Data!B:B,0)) -> 60 | O8: =H8-N8 -> -60
A9: 2 | B9: ใหม่ !! ยูมิยูมิ เค้กไข่ชีส 78กรัม | C9: =SUMIF(Data!E:E,B9,Data!F:F) -> 36 | E9: ชิ้น | H9: =+G9-$D$6 -> 0 | J9: =ROUNDDOWN((D9/C9),0) -> 0 | K9: =SUMIF(Data!E:E,'มหาชัย(2)'!B9,Data!F:F)*J9 -> 0 | L9: =ROUNDUP((M9/C9),0) -> 0 | M9: =D9-K9 -> 0 | N9: =INDEX(Data!C:C,MATCH(F5,Data!B:B,0)) -> #N/A | O9: =H9-N9 -> #N/A
A10: 3 | B10: ยูมิยูมิ เค้กอัลมอนด์ 75กรัม | C10: =SUMIF(Data!E:E,B10,Data!F:F) -> 42 | E10: ชิ้น | H10: =+G10-$D$6 -> 0 | J10: =ROUNDDOWN((D10/C10),0) -> 0 | K10: =SUMIF(Data!E:E,'มหาชัย(2)'!B10,Data!F:F)*J10 -> 0 | L10: =ROUNDUP((M10/C10),0) -> 0 | M10: =D10-K10 -> 0 | N10: =INDEX(Data!C:C,MATCH(F6,Data!B:B,0)) -> #N/A | O10: =H10-N10 -> #N/A
A11: 4 | B11: ยูมิยูมิ โรลช็อกโกแลตเค้ก 55กรัม | C11: =SUMIF(Data!E:E,B11,Data!F:F) -> 50 | E11: ชิ้น | H11: =+G11-$D$6 -> 0 | J11: =ROUNDDOWN((D11/C11),0) -> 0 | K11: =SUMIF(Data!E:E,'มหาชัย(2)'!B11,Data!F:F)*J11 -> 0 | L11: =ROUNDUP((M11/C11),0) -> 0 | M11: =D11-K11 -> 0 | N11: =INDEX(Data!C:C,MATCH(F7,Data!B:B,0)) -> #N/A | O11: =H11-N11 -> #N/A
A12: 5 | B12: ยูมิยูมิ มินิครีมเค้ก 40กรัม | C12: =SUMIF(Data!E:E,B12,Data!F:F) -> 81 | E12: ชิ้น | H12: =+G12-$D$6 -> 0 | J12: =ROUNDDOWN((D12/C12),0) -> 0 | K12: =SUMIF(Data!E:E,'มหาชัย(2)'!B12,Data!F:F)*J12 -> 0 | L12: =ROUNDUP((M12/C12),0) -> 0 | M12: =D12-K12 -> 0 | N12: =INDEX(Data!C:C,MATCH(F8,Data!B:B,0)) -> #N/A | O12: =H12-N12 -> #N/A
A13: 6 | B13: ยูมิยูมิ เค้กครีมสลัดไก่หยอง 75กรัม | C13: =SUMIF(Data!E:E,B13,Data!F:F) -> 42 | E13: ชิ้น | H13: =+G13-$D$6 -> 0 | J13: =ROUNDDOWN((D13/C13),0) -> 0 | K13: =SUMIF(Data!E:E,'มหาชัย(2)'!B13,Data!F:F)*J13 -> 0 | L13: =ROUNDUP((M13/C13),0) -> 0 | M13: =D13-K13 -> 0 | N13: =INDEX(Data!C:C,MATCH(F9,Data!B:B,0)) -> #N/A | O13: =H13-N13 -> #N/A
A14: 7 | B14: ยูมิยูมิ ชิสึเค้ก 70กรัม | C14: =SUMIF(Data!E:E,B14,Data!F:F) -> 32 | E14: ชิ้น | H14: =+G14-$D$6 -> 0 | J14: =ROUNDDOWN((D14/C14),0) -> 0 | K14: =SUMIF(Data!E:E,'มหาชัย(2)'!B14,Data!F:F)*J14 -> 0 | L14: =ROUNDUP((M14/C14),0) -> 0 | M14: =D14-K14 -> 0 | N14: =INDEX(Data!C:C,MATCH(F10,Data!B:B,0)) -> #N/A | O14: =H14-N14 -> #N/A
A15: 8 | B15: ยูมิยูมิ บลูเบอร์รี่เค้ก 52กรัม | C15: =SUMIF(Data!E:E,B15,Data!F:F) -> 70 | E15: ชิ้น | H15: =+G15-$D$6 -> 0 | J15: =ROUNDDOWN((D15/C15),0) -> 0 | K15: =SUMIF(Data!E:E,'มหาชัย(2)'!B15,Data!F:F)*J15 -> 0 | L15: =ROUNDUP((M15/C15),0) -> 0 | M15: =D15-K15 -> 0 | N15: =INDEX(Data!C:C,MATCH(F11,Data!B:B,0)) -> #N/A | O15: =H15-N15 -> #N/A
A16: 9 | B16: ยูมิยูมิ เค้กสาหร่ายไก่หยอง 75กรัม | C16: =SUMIF(Data!E:E,B16,Data!F:F) -> 45 | E16: ชิ้น | H16: =+G16-$D$6 -> 0 | J16: =ROUNDDOWN((D16/C16),0) -> 0 | K16: =SUMIF(Data!E:E,'มหาชัย(2)'!B16,Data!F:F)*J16 -> 0 | L16: =ROUNDUP((M16/C16),0) -> 0 | M16: =D16-K16 -> 0 | N16: =INDEX(Data!C:C,MATCH(F12,Data!B:B,0)) -> #N/A | O16: =H16-N16 -> #N/A
A17: 10 | B17: ยูมิยูมิ เค้กช็อกโกแลตเฮเซลนัท 75กรัม | C17: =SUMIF(Data!E:E,B17,Data!F:F) -> 48 | E17: ชิ้น | H17: =+G17-$D$6 -> 0 | J17: =ROUNDDOWN((D17/C17),0) -> 0 | K17: =SUMIF(Data!E:E,'มหาชัย(2)'!B17,Data!F:F)*J17 -> 0 | L17: =ROUNDUP((M17/C17),0) -> 0 | M17: =D17-K17 -> 0 | N17: =INDEX(Data!C:C,MATCH(F13,Data!B:B,0)) -> #N/A | O17: =H17-N17 -> #N/A
A18: 11 | B18: ยูมิยูมิ ชิฟฟอนชีสเค้ก 75กรัม | C18: =SUMIF(Data!E:E,B18,Data!F:F) -> 48 | E18: ชิ้น | H18: =+G18-$D$6 -> 0 | J18: =ROUNDDOWN((D18/C18),0) -> 0 | K18: =SUMIF(Data!E:E,'มหาชัย(2)'!B18,Data!F:F)*J18 -> 0 | L18: =ROUNDUP((M18/C18),0) -> 0 | M18: =D18-K18 -> 0 | N18: =INDEX(Data!C:C,MATCH(F14,Data!B:B,0)) -> #N/A | O18: =H18-N18 -> #N/A
A19: 12 | B19: วาฟเฟิลครีมโคโคนัทมิลค์ 62กรัม | C19: =SUMIF(Data!E:E,B19,Data!F:F) -> 60 | E19: ชิ้น | H19: =+G19-$D$6 -> 0 | J19: =ROUNDDOWN((D19/C19),0) -> 0 | K19: =SUMIF(Data!E:E,'มหาชัย(2)'!B19,Data!F:F)*J19 -> 0 | L19: =ROUNDUP((M19/C19),0) -> 0 | M19: =D19-K19 -> 0 | N19: =INDEX(Data!C:C,MATCH(F15,Data!B:B,0)) -> #N/A | O19: =H19-N19 -> #N/A
... A26: 19 | B26: ยูมิยูมิ มินิเค้กไส้ครีมกล้วยหอม 40กรัม | C26: =SUMIF(Data!E:E,B26,Data!F:F) -> 81 | E26: ชิ้น | H26: =+G26-$D$6 -> 0 | J26: =ROUNDDOWN((D26/C26),0) -> 0 | K26: =SUMIF(Data!E:E,'มหาชัย(2)'!B26,Data!F:F)*J26 -> 0 | L26: =ROUNDUP((M26/C26),0) -> 0 | M26: =D26-K26 -> 0 | N26: =INDEX(Data!C:C,MATCH(F22,Data!B:B,0)) -> #N/A | O26: =H26-N26 -> #N/A
A27: ยอดรวมสินค้า | D27: =SUM(D8:D23) -> 0 | J27: ตะกร้าเต็ม | K27: ตะกร้าเศษ | L27: รวมตะกร้า
J28: =SUM($J$8:$J$26) -> 0 | K28: =SUM($L$8:$L$26) -> 0 | L28: =SUM(J28:K28) -> 0
B30: ผู้รับผิดชอบ.......................................... ผู้ตรวจ (เช็คเกอร์)....................................... | G30: พนักงานขนส่ง..........................................
B31: วันที่จัดเสร็จ.......................................... วันที่จัดเสร็จ................................................ | G31: ทะเบียนขนส่ง.............................................
B32: เวลาที่จัดเสร็จ......................................... เวลาที่จัดเสร็จ............................................ | G32: เลขซีล/สี.....................................................

Sheet ขอนแก่น(4)
A1: บริษัท แวลู่พลัส รีเทล จำกัด | G1: รถคันที่ : | H1: 1/1
G2: วันที่ :
A3: ใบจัดสินค้า
A4: ลูกค้า | B4: บริษัท ซีพี ออลล์ จำกัด | D4: สถานที่จัดส่ง | F4: BDC.ขอนแก่น
A5: IV | D5: วันที่ส่ง | J5: คำวนตะกร้า
J6: ตะกร้าเต็ม | L6: ตะกร้าเศษ
A7: ลำดับ | B7: ชื่อสินค้า | C7: บรรจุ | D7: จำนวน | E7: หน่วย | F7: MFD | G7: BBF/EXP | H7: อายุคงเหลือ (วัน) | J7: ใบ | K7: ชิ้น | L7: ใบ | M7: ชิ้น | N7: เกณฑ์ | O7: คงเหลือวันที่ส่งได้
A8: 1 | B8: NEWยูมิยูมิ มิลค์เค้ก 55กรัม | C8: =SUMIF(Data!E:E,B8,Data!F:F) -> 42 | E8: ชิ้น | H8: =+G8-$D$6 -> 0 | J8: =ROUNDDOWN((D8/C8),0) -> 0 | K8: =SUMIF(Data!E:E,'มหาชัย(2)'!B8,Data!F:F)*J8 -> 0 | L8: =ROUNDUP((M8/C8),0) -> 0 | M8: =D8-K8 -> 0 | N8: =INDEX(Data!C:C,MATCH(F4,Data!B:B,0)) -> 60 | O8: =H8-N8 -> -60
A9: 2 | B9: ใหม่ !! ยูมิยูมิ เค้กไข่ชีส 78กรัม | C9: =SUMIF(Data!E:E,B9,Data!F:F) -> 36 | E9: ชิ้น | H9: =+G9-$D$6 -> 0 | J9: =ROUNDDOWN((D9/C9),0) -> 0 | K9: =SUMIF(Data!E:E,'มหาชัย(2)'!B9,Data!F:F)*J9 -> 0 | L9: =ROUNDUP((M9/C9),0) -> 0 | M9: =D9-K9 -> 0 | N9: =INDEX(Data!C:C,MATCH(F5,Data!B:B,0)) -> #N/A | O9: =H9-N9 -> #N/A
A10: 3 | B10: ยูมิยูมิ เค้กอัลมอนด์ 75กรัม | C10: =SUMIF(Data!E:E,B10,Data!F:F) -> 42 | E10: ชิ้น | H10: =+G10-$D$6 -> 0 | J10: =ROUNDDOWN((D10/C10),0) -> 0 | K10: =SUMIF(Data!E:E,'มหาชัย(2)'!B10,Data!F:F)*J10 -> 0 | L10: =ROUNDUP((M10/C10),0) -> 0 | M10: =D10-K10 -> 0 | N10: =INDEX(Data!C:C,MATCH(F6,Data!B:B,0)) -> #N/A | O10: =H10-N10 -> #N/A
A11: 4 | B11: ยูมิยูมิ โรลช็อกโกแลตเค้ก 55กรัม | C11: =SUMIF(Data!E:E,B11,Data!F:F) -> 50 | E11: ชิ้น | H11: =+G11-$D$6 -> 0 | J11: =ROUNDDOWN((D11/C11),0) -> 0 | K11: =SUMIF(Data!E:E,'มหาชัย(2)'!B11,Data!F:F)*J11 -> 0 | L11: =ROUNDUP((M11/C11),0) -> 0 | M11: =D11-K11 -> 0 | N11: =INDEX(Data!C:C,MATCH(F7,Data!B:B,0)) -> #N/A | O11: =H11-N11 -> #N/A
A12: 5 | B12: ยูมิยูมิ มินิครีมเค้ก 40กรัม | C12: =SUMIF(Data!E:E,B12,Data!F:F) -> 81 | E12: ชิ้น | H12: =+G12-$D$6 -> 0 | J12: =ROUNDDOWN((D12/C12),0) -> 0 | K12: =SUMIF(Data!E:E,'มหาชัย(2)'!B12,Data!F:F)*J12 -> 0 | L12: =ROUNDUP((M12/C12),0) -> 0 | M12: =D12-K12 -> 0 | N12: =INDEX(Data!C:C,MATCH(F8,Data!B:B,0)) -> #N/A | O12: =H12-N12 -> #N/A
A13: 6 | B13: ยูมิยูมิ เค้กครีมสลัดไก่หยอง 75กรัม | C13: =SUMIF(Data!E:E,B13,Data!F:F) -> 42 | E13: ชิ้น | H13: =+G13-$D$6 -> 0 | J13: =ROUNDDOWN((D13/C13),0) -> 0 | K13: =SUMIF(Data!E:E,'มหาชัย(2)'!B13,Data!F:F)*J13 -> 0 | L13: =ROUNDUP((M13/C13),0) -> 0 | M13: =D13-K13 -> 0 | N13: =INDEX(Data!C:C,MATCH(F9,Data!B:B,0)) -> #N/A | O13: =H13-N13 -> #N/A
A14: 7 | B14: ยูมิยูมิ ชิสึเค้ก 70กรัม | C14: =SUMIF(Data!E:E,B14,Data!F:F) -> 32 | E14: ชิ้น | H14: =+G14-$D$6 -> 0 | J14: =ROUNDDOWN((D14/C14),0) -> 0 | K14: =SUMIF(Data!E:E,'มหาชัย(2)'!B14,Data!F:F)*J14 -> 0 | L14: =ROUNDUP((M14/C14),0) -> 0 | M14: =D14-K14 -> 0 | N14: =INDEX(Data!C:C,MATCH(F10,Data!B:B,0)) -> #N/A | O14: =H14-N14 -> #N/A
A15: 8 | B15: ยูมิยูมิ บลูเบอร์รี่เค้ก 52กรัม | C15: =SUMIF(Data!E:E,B15,Data!F:F) -> 70 | E15: ชิ้น | H15: =+G15-$D$6 -> 0 | J15: =ROUNDDOWN((D15/C15),0) -> 0 | K15: =SUMIF(Data!E:E,'มหาชัย(2)'!B15,Data!F:F)*J15 -> 0 | L15: =ROUNDUP((M15/C15),0) -> 0 | M15: =D15-K15 -> 0 | N15: =INDEX(Data!C:C,MATCH(F11,Data!B:B,0)) -> #N/A | O15: =H15-N15 -> #N/A
A16: 9 | B16: ยูมิยูมิ เค้กสาหร่ายไก่หยอง 75กรัม | C16: =SUMIF(Data!E:E,B16,Data!F:F) -> 45 | E16: ชิ้น | H16: =+G16-$D$6 -> 0 | J16: =ROUNDDOWN((D16/C16),0) -> 0 | K16: =SUMIF(Data!E:E,'มหาชัย(2)'!B16,Data!F:F)*J16 -> 0 | L16: =ROUNDUP((M16/C16),0) -> 0 | M16: =D16-K16 -> 0 | N16: =INDEX(Data!C:C,MATCH(F12,Data!B:B,0)) -> #N/A | O16: =H16-N16 -> #N/A
A17: 10 | B17: ยูมิยูมิ เค้กช็อกโกแลตเฮเซลนัท 75กรัม | C17: =SUMIF(Data!E:E,B17,Data!F:F) -> 48 | E17: ชิ้น | H17: =+G17-$D$6 -> 0 | J17: =ROUNDDOWN((D17/C17),0) -> 0 | K17: =SUMIF(Data!E:E,'มหาชัย(2)'!B17,Data!F:F)*J17 -> 0 | L17: =ROUNDUP((M17/C17),0) -> 0 | M17: =D17-K17 -> 0 | N17: =INDEX(Data!C:C,MATCH(F13,Data!B:B,0)) -> #N/A | O17: =H17-N17 -> #N/A
A18: 11 | B18: ยูมิยูมิ ชิฟฟอนชีสเค้ก 75กรัม | C18: =SUMIF(Data!E:E,B18,Data!F:F) -> 48 | E18: ชิ้น | H18: =+G18-$D$6 -> 0 | J18: =ROUNDDOWN((D18/C18),0) -> 0 | K18: =SUMIF(Data!E:E,'มหาชัย(2)'!B18,Data!F:F)*J18 -> 0 | L18: =ROUNDUP((M18/C18),0) -> 0 | M18: =D18-K18 -> 0 | N18: =INDEX(Data!C:C,MATCH(F14,Data!B:B,0)) -> #N/A | O18: =H18-N18 -> #N/A
A19: 12 | B19: วาฟเฟิลครีมโคโคนัทมิลค์ 62กรัม | C19: =SUMIF(Data!E:E,B19,Data!F:F) -> 60 | E19: ชิ้น | H19: =+G19-$D$6 -> 0 | J19: =ROUNDDOWN((D19/C19),0) -> 0 | K19: =SUMIF(Data!E:E,'มหาชัย(2)'!B19,Data!F:F)*J19 -> 0 | L19: =ROUNDUP((M19/C19),0) -> 0 | M19: =D19-K19 -> 0 | N19: =INDEX(Data!C:C,MATCH(F15,Data!B:B,0)) -> #N/A | O19: =H19-N19 -> #N/A
... A26: 19 | B26: ยูมิยูมิ มินิเค้กไส้ครีมกล้วยหอม 40กรัม | C26: =SUMIF(Data!E:E,B26,Data!F:F) -> 81 | E26: ชิ้น | H26: =+G26-$D$6 -> 0 | J26: =ROUNDDOWN((D26/C26),0) -> 0 | K26: =SUMIF(Data!E:E,'มหาชัย(2)'!B26,Data!F:F)*J26 -> 0 | L26: =ROUNDUP((M26/C26),0) -> 0 | M26: =D26-K26 -> 0 | N26: =INDEX(Data!C:C,MATCH(F22,Data!B:B,0)) -> #N/A | O26: =H26-N26 -> #N/A
A27: ยอดรวมสินค้า | J27: ตะกร้าเต็ม | K27: ตะกร้าเศษ | L27: รวมตะกร้า
J28: =SUM($J$8:$J$26) -> 0 | K28: =SUM($L$8:$L$26) -> 0 | L28: =SUM(J28:K28) -> 0
B30: ผู้รับผิดชอบ.......................................... ผู้ตรวจ (เช็คเกอร์)....................................... | G30: พนักงานขนส่ง..........................................
B31: วันที่จัดเสร็จ.......................................... วันที่จัดเสร็จ................................................ | G31: ทะเบียนขนส่ง.............................................
B32: เวลาที่จัดเสร็จ......................................... เวลาที่จัดเสร็จ............................................ | G32: เลขซีล/สี.....................................................

Sheet ขอนแก่น(3)
A1: บริษัท แวลู่พลัส รีเทล จำกัด | G1: รถคันที่ : | H1: 1/1
G2: วันที่ :
A3: ใบจัดสินค้า
A4: ลูกค้า | B4: บริษัท ซีพี ออลล์ จำกัด | D4: สถานที่จัดส่ง | F4: BDC.ขอนแก่น
A5: IV | D5: วันที่ส่ง | J5: คำวนตะกร้า
J6: ตะกร้าเต็ม | L6: ตะกร้าเศษ
A7: ลำดับ | B7: ชื่อสินค้า | C7: บรรจุ | D7: จำนวน | E7: หน่วย | F7: MFD | G7: BBF/EXP | H7: อายุคงเหลือ (วัน) | J7: ใบ | K7: ชิ้น | L7: ใบ | M7: ชิ้น | N7: เกณฑ์ | O7: คงเหลือวันที่ส่งได้
A8: 1 | B8: NEWยูมิยูมิ มิลค์เค้ก 55กรัม | C8: =SUMIF(Data!E:E,B8,Data!F:F) -> 42 | E8: ชิ้น | H8: =+G8-$D$6 -> 0 | J8: =ROUNDDOWN((D8/C8),0) -> 0 | K8: =SUMIF(Data!E:E,'มหาชัย(2)'!B8,Data!F:F)*J8 -> 0 | L8: =ROUNDUP((M8/C8),0) -> 0 | M8: =D8-K8 -> 0 | N8: =INDEX(Data!C:C,MATCH(F4,Data!B:B,0)) -> 60 | O8: =H8-N8 -> -60
A9: 2 | B9: ใหม่ !! ยูมิยูมิ เค้กไข่ชีส 78กรัม | C9: =SUMIF(Data!E:E,B9,Data!F:F) -> 36 | E9: ชิ้น | H9: =+G9-$D$6 -> 0 | J9: =ROUNDDOWN((D9/C9),0) -> 0 | K9: =SUMIF(Data!E:E,'มหาชัย(2)'!B9,Data!F:F)*J9 -> 0 | L9: =ROUNDUP((M9/C9),0) -> 0 | M9: =D9-K9 -> 0 | N9: =INDEX(Data!C:C,MATCH(F5,Data!B:B,0)) -> #N/A | O9: =H9-N9 -> #N/A
A10: 3 | B10: ยูมิยูมิ เค้กอัลมอนด์ 75กรัม | C10: =SUMIF(Data!E:E,B10,Data!F:F) -> 42 | E10: ชิ้น | H10: =+G10-$D$6 -> 0 | J10: =ROUNDDOWN((D10/C10),0) -> 0 | K10: =SUMIF(Data!E:E,'มหาชัย(2)'!B10,Data!F:F)*J10 -> 0 | L10: =ROUNDUP((M10/C10),0) -> 0 | M10: =D10-K10 -> 0 | N10: =INDEX(Data!C:C,MATCH(F6,Data!B:B,0)) -> #N/A | O10: =H10-N10 -> #N/A
A11: 4 | B11: ยูมิยูมิ โรลช็อกโกแลตเค้ก 55กรัม | C11: =SUMIF(Data!E:E,B11,Data!F:F) -> 50 | E11: ชิ้น | H11: =+G11-$D$6 -> 0 | J11: =ROUNDDOWN((D11/C11),0) -> 0 | K11: =SUMIF(Data!E:E,'มหาชัย(2)'!B11,Data!F:F)*J11 -> 0 | L11: =ROUNDUP((M11/C11),0) -> 0 | M11: =D11-K11 -> 0 | N11: =INDEX(Data!C:C,MATCH(F7,Data!B:B,0)) -> #N/A | O11: =H11-N11 -> #N/A
A12: 5 | B12: ยูมิยูมิ มินิครีมเค้ก 40กรัม | C12: =SUMIF(Data!E:E,B12,Data!F:F) -> 81 | E12: ชิ้น | H12: =+G12-$D$6 -> 0 | J12: =ROUNDDOWN((D12/C12),0) -> 0 | K12: =SUMIF(Data!E:E,'มหาชัย(2)'!B12,Data!F:F)*J12 -> 0 | L12: =ROUNDUP((M12/C12),0) -> 0 | M12: =D12-K12 -> 0 | N12: =INDEX(Data!C:C,MATCH(F8,Data!B:B,0)) -> #N/A | O12: =H12-N12 -> #N/A
A13: 6 | B13: ยูมิยูมิ เค้กครีมสลัดไก่หยอง 75กรัม | C13: =SUMIF(Data!E:E,B13,Data!F:F) -> 42 | E13: ชิ้น | H13: =+G13-$D$6 -> 0 | J13: =ROUNDDOWN((D13/C13),0) -> 0 | K13: =SUMIF(Data!E:E,'มหาชัย(2)'!B13,Data!F:F)*J13 -> 0 | L13: =ROUNDUP((M13/C13),0) -> 0 | M13: =D13-K13 -> 0 | N13: =INDEX(Data!C:C,MATCH(F9,Data!B:B,0)) -> #N/A | O13: =H13-N13 -> #N/A
A14: 7 | B14: ยูมิยูมิ ชิสึเค้ก 70กรัม | C14: =SUMIF(Data!E:E,B14,Data!F:F) -> 32 | E14: ชิ้น | H14: =+G14-$D$6 -> 0 | J14: =ROUNDDOWN((D14/C14),0) -> 0 | K14: =SUMIF(Data!E:E,'มหาชัย(2)'!B14,Data!F:F)*J14 -> 0 | L14: =ROUNDUP((M14/C14),0) -> 0 | M14: =D14-K14 -> 0 | N14: =INDEX(Data!C:C,MATCH(F10,Data!B:B,0)) -> #N/A | O14: =H14-N14 -> #N/A
A15: 8 | B15: ยูมิยูมิ บลูเบอร์รี่เค้ก 52กรัม | C15: =SUMIF(Data!E:E,B15,Data!F:F) -> 70 | E15: ชิ้น | H15: =+G15-$D$6 -> 0 | J15: =ROUNDDOWN((D15/C15),0) -> 0 | K15: =SUMIF(Data!E:E,'มหาชัย(2)'!B15,Data!F:F)*J15 -> 0 | L15: =ROUNDUP((M15/C15),0) -> 0 | M15: =D15-K15 -> 0 | N15: =INDEX(Data!C:C,MATCH(F11,Data!B:B,0)) -> #N/A | O15: =H15-N15 -> #N/A
A16: 9 | B16: ยูมิยูมิ เค้กสาหร่ายไก่หยอง 75กรัม | C16: =SUMIF(Data!E:E,B16,Data!F:F) -> 45 | E16: ชิ้น | H16: =+G16-$D$6 -> 0 | J16: =ROUNDDOWN((D16/C16),0) -> 0 | K16: =SUMIF(Data!E:E,'มหาชัย(2)'!B16,Data!F:F)*J16 -> 0 | L16: =ROUNDUP((M16/C16),0) -> 0 | M16: =D16-K16 -> 0 | N16: =INDEX(Data!C:C,MATCH(F12,Data!B:B,0)) -> #N/A | O16: =H16-N16 -> #N/A
A17: 10 | B17: ยูมิยูมิ เค้กช็อกโกแลตเฮเซลนัท 75กรัม | C17: =SUMIF(Data!E:E,B17,Data!F:F) -> 48 | E17: ชิ้น | H17: =+G17-$D$6 -> 0 | J17: =ROUNDDOWN((D17/C17),0) -> 0 | K17: =SUMIF(Data!E:E,'มหาชัย(2)'!B17,Data!F:F)*J17 -> 0 | L17: =ROUNDUP((M17/C17),0) -> 0 | M17: =D17-K17 -> 0 | N17: =INDEX(Data!C:C,MATCH(F13,Data!B:B,0)) -> #N/A | O17: =H17-N17 -> #N/A
A18: 11 | B18: ยูมิยูมิ ชิฟฟอนชีสเค้ก 75กรัม | C18: =SUMIF(Data!E:E,B18,Data!F:F) -> 48 | E18: ชิ้น | H18: =+G18-$D$6 -> 0 | J18: =ROUNDDOWN((D18/C18),0) -> 0 | K18: =SUMIF(Data!E:E,'มหาชัย(2)'!B18,Data!F:F)*J18 -> 0 | L18: =ROUNDUP((M18/C18),0) -> 0 | M18: =D18-K18 -> 0 | N18: =INDEX(Data!C:C,MATCH(F14,Data!B:B,0)) -> #N/A | O18: =H18-N18 -> #N/A
A19: 12 | B19: วาฟเฟิลครีมโคโคนัทมิลค์ 62กรัม | C19: =SUMIF(Data!E:E,B19,Data!F:F) -> 60 | E19: ชิ้น | H19: =+G19-$D$6 -> 0 | J19: =ROUNDDOWN((D19/C19),0) -> 0 | K19: =SUMIF(Data!E:E,'มหาชัย(2)'!B19,Data!F:F)*J19 -> 0 | L19: =ROUNDUP((M19/C19),0) -> 0 | M19: =D19-K19 -> 0 | N19: =INDEX(Data!C:C,MATCH(F15,Data!B:B,0)) -> #N/A | O19: =H19-N19 -> #N/A
... A26: 19 | B26: ยูมิยูมิ มินิเค้กไส้ครีมกล้วยหอม 40กรัม | C26: =SUMIF(Data!E:E,B26,Data!F:F) -> 81 | E26: ชิ้น | H26: =+G26-$D$6 -> 0 | J26: =ROUNDDOWN((D26/C26),0) -> 0 | K26: =SUMIF(Data!E:E,'มหาชัย(2)'!B26,Data!F:F)*J26 -> 0 | L26: =ROUNDUP((M26/C26),0) -> 0 | M26: =D26-K26 -> 0 | N26: =INDEX(Data!C:C,MATCH(F22,Data!B:B,0)) -> #N/A | O26: =H26-N26 -> #N/A
A27: ยอดรวมสินค้า | J27: ตะกร้าเต็ม | K27: ตะกร้าเศษ | L27: รวมตะกร้า
J28: =SUM($J$8:$J$26) -> 0 | K28: =SUM($L$8:$L$26) -> 0 | L28: =SUM(J28:K28) -> 0
B30: ผู้รับผิดชอบ.......................................... ผู้ตรวจ (เช็คเกอร์)....................................... | G30: พนักงานขนส่ง..........................................
B31: วันที่จัดเสร็จ.......................................... วันที่จัดเสร็จ................................................ | G31: ทะเบียนขนส่ง.............................................
B32: เวลาที่จัดเสร็จ......................................... เวลาที่จัดเสร็จ............................................ | G32: เลขซีล/สี.....................................................

Sheet ขอนแก่น(2)
A1: บริษัท แวลู่พลัส รีเทล จำกัด | G1: รถคันที่ : | H1: 1/1
G2: วันที่ :
A3: ใบจัดสินค้า
A4: ลูกค้า | B4: บริษัท ซีพี ออลล์ จำกัด | D4: สถานที่จัดส่ง | F4: BDC.ขอนแก่น
A5: IV | D5: วันที่ส่ง | J5: คำวนตะกร้า
J6: ตะกร้าเต็ม | L6: ตะกร้าเศษ
A7: ลำดับ | B7: ชื่อสินค้า | C7: บรรจุ | D7: จำนวน | E7: หน่วย | F7: MFD | G7: BBF/EXP | H7: อายุคงเหลือ (วัน) | J7: ใบ | K7: ชิ้น | L7: ใบ | M7: ชิ้น | N7: เกณฑ์ | O7: คงเหลือวันที่ส่งได้
A8: 1 | B8: NEWยูมิยูมิ มิลค์เค้ก 55กรัม | C8: =SUMIF(Data!E:E,B8,Data!F:F) -> 42 | E8: ชิ้น | H8: =+G8-$D$6 -> 0 | J8: =ROUNDDOWN((D8/C8),0) -> 0 | K8: =SUMIF(Data!E:E,'มหาชัย(2)'!B8,Data!F:F)*J8 -> 0 | L8: =ROUNDUP((M8/C8),0) -> 0 | M8: =D8-K8 -> 0 | N8: =INDEX(Data!C:C,MATCH(F4,Data!B:B,0)) -> 60 | O8: =H8-N8 -> -60
A9: 2 | B9: ใหม่ !! ยูมิยูมิ เค้กไข่ชีส 78กรัม | C9: =SUMIF(Data!E:E,B9,Data!F:F) -> 36 | E9: ชิ้น | H9: =+G9-$D$6 -> 0 | J9: =ROUNDDOWN((D9/C9),0) -> 0 | K9: =SUMIF(Data!E:E,'มหาชัย(2)'!B9,Data!F:F)*J9 -> 0 | L9: =ROUNDUP((M9/C9),0) -> 0 | M9: =D9-K9 -> 0 | N9: =INDEX(Data!C:C,MATCH(F5,Data!B:B,0)) -> #N/A | O9: =H9-N9 -> #N/A
A10: 3 | B10: ยูมิยูมิ เค้กอัลมอนด์ 75กรัม | C10: =SUMIF(Data!E:E,B10,Data!F:F) -> 42 | E10: ชิ้น | H10: =+G10-$D$6 -> 0 | J10: =ROUNDDOWN((D10/C10),0) -> 0 | K10: =SUMIF(Data!E:E,'มหาชัย(2)'!B10,Data!F:F)*J10 -> 0 | L10: =ROUNDUP((M10/C10),0) -> 0 | M10: =D10-K10 -> 0 | N10: =INDEX(Data!C:C,MATCH(F6,Data!B:B,0)) -> #N/A | O10: =H10-N10 -> #N/A
A11: 4 | B11: ยูมิยูมิ โรลช็อกโกแลตเค้ก 55กรัม | C11: =SUMIF(Data!E:E,B11,Data!F:F) -> 50 | E11: ชิ้น | H11: =+G11-$D$6 -> 0 | J11: =ROUNDDOWN((D11/C11),0) -> 0 | K11: =SUMIF(Data!E:E,'มหาชัย(2)'!B11,Data!F:F)*J11 -> 0 | L11: =ROUNDUP((M11/C11),0) -> 0 | M11: =D11-K11 -> 0 | N11: =INDEX(Data!C:C,MATCH(F7,Data!B:B,0)) -> #N/A | O11: =H11-N11 -> #N/A
A12: 5 | B12: ยูมิยูมิ มินิครีมเค้ก 40กรัม | C12: =SUMIF(Data!E:E,B12,Data!F:F) -> 81 | E12: ชิ้น | H12: =+G12-$D$6 -> 0 | J12: =ROUNDDOWN((D12/C12),0) -> 0 | K12: =SUMIF(Data!E:E,'มหาชัย(2)'!B12,Data!F:F)*J12 -> 0 | L12: =ROUNDUP((M12/C12),0) -> 0 | M12: =D12-K12 -> 0 | N12: =INDEX(Data!C:C,MATCH(F8,Data!B:B,0)) -> #N/A | O12: =H12-N12 -> #N/A
A13: 6 | B13: ยูมิยูมิ เค้กครีมสลัดไก่หยอง 75กรัม | C13: =SUMIF(Data!E:E,B13,Data!F:F) -> 42 | E13: ชิ้น | H13: =+G13-$D$6 -> 0 | J13: =ROUNDDOWN((D13/C13),0) -> 0 | K13: =SUMIF(Data!E:E,'มหาชัย(2)'!B13,Data!F:F)*J13 -> 0 | L13: =ROUNDUP((M13/C13),0) -> 0 | M13: =D13-K13 -> 0 | N13: =INDEX(Data!C:C,MATCH(F9,Data!B:B,0)) -> #N/A | O13: =H13-N13 -> #N/A
A14: 7 | B14: ยูมิยูมิ ชิสึเค้ก 70กรัม | C14: =SUMIF(Data!E:E,B14,Data!F:F) -> 32 | E14: ชิ้น | H14: =+G14-$D$6 -> 0 | J14: =ROUNDDOWN((D14/C14),0) -> 0 | K14: =SUMIF(Data!E:E,'มหาชัย(2)'!B14,Data!F:F)*J14 -> 0 | L14: =ROUNDUP((M14/C14),0) -> 0 | M14: =D14-K14 -> 0 | N14: =INDEX(Data!C:C,MATCH(F10,Data!B:B,0)) -> #N/A | O14: =H14-N14 -> #N/A
A15: 8 | B15: ยูมิยูมิ บลูเบอร์รี่เค้ก 52กรัม | C15: =SUMIF(Data!E:E,B15,Data!F:F) -> 70 | E15: ชิ้น | H15: =+G15-$D$6 -> 0 | J15: =ROUNDDOWN((D15/C15),0) -> 0 | K15: =SUMIF(Data!E:E,'มหาชัย(2)'!B15,Data!F:F)*J15 -> 0 | L15: =ROUNDUP((M15/C15),0) -> 0 | M15: =D15-K15 -> 0 | N15: =INDEX(Data!C:C,MATCH(F11,Data!B:B,0)) -> #N/A | O15: =H15-N15 -> #N/A
A16: 9 | B16: ยูมิยูมิ เค้กสาหร่ายไก่หยอง 75กรัม | C16: =SUMIF(Data!E:E,B16,Data!F:F) -> 45 | E16: ชิ้น | H16: =+G16-$D$6 -> 0 | J16: =ROUNDDOWN((D16/C16),0) -> 0 | K16: =SUMIF(Data!E:E,'มหาชัย(2)'!B16,Data!F:F)*J16 -> 0 | L16: =ROUNDUP((M16/C16),0) -> 0 | M16: =D16-K16 -> 0 | N16: =INDEX(Data!C:C,MATCH(F12,Data!B:B,0)) -> #N/A | O16: =H16-N16 -> #N/A
A17: 10 | B17: ยูมิยูมิ เค้กช็อกโกแลตเฮเซลนัท 75กรัม | C17: =SUMIF(Data!E:E,B17,Data!F:F) -> 48 | E17: ชิ้น | H17: =+G17-$D$6 -> 0 | J17: =ROUNDDOWN((D17/C17),0) -> 0 | K17: =SUMIF(Data!E:E,'มหาชัย(2)'!B17,Data!F:F)*J17 -> 0 | L17: =ROUNDUP((M17/C17),0) -> 0 | M17: =D17-K17 -> 0 | N17: =INDEX(Data!C:C,MATCH(F13,Data!B:B,0)) -> #N/A | O17: =H17-N17 -> #N/A
A18: 11 | B18: ยูมิยูมิ ชิฟฟอนชีสเค้ก 75กรัม | C18: =SUMIF(Data!E:E,B18,Data!F:F) -> 48 | E18: ชิ้น | H18: =+G18-$D$6 -> 0 | J18: =ROUNDDOWN((D18/C18),0) -> 0 | K18: =SUMIF(Data!E:E,'มหาชัย(2)'!B18,Data!F:F)*J18 -> 0 | L18: =ROUNDUP((M18/C18),0) -> 0 | M18: =D18-K18 -> 0 | N18: =INDEX(Data!C:C,MATCH(F14,Data!B:B,0)) -> #N/A | O18: =H18-N18 -> #N/A
A19: 12 | B19: วาฟเฟิลครีมโคโคนัทมิลค์ 62กรัม | C19: =SUMIF(Data!E:E,B19,Data!F:F) -> 60 | E19: ชิ้น | H19: =+G19-$D$6 -> 0 | J19: =ROUNDDOWN((D19/C19),0) -> 0 | K19: =SUMIF(Data!E:E,'มหาชัย(2)'!B19,Data!F:F)*J19 -> 0 | L19: =ROUNDUP((M19/C19),0) -> 0 | M19: =D19-K19 -> 0 | N19: =INDEX(Data!C:C,MATCH(F15,Data!B:B,0)) -> #N/A | O19: =H19-N19 -> #N/A
... A26: 19 | B26: ยูมิยูมิ มินิเค้กไส้ครีมกล้วยหอม 40กรัม | C26: =SUMIF(Data!E:E,B26,Data!F:F) -> 81 | E26: ชิ้น | H26: =+G26-$D$6 -> 0 | J26: =ROUNDDOWN((D26/C26),0) -> 0 | K26: =SUMIF(Data!E:E,'มหาชัย(2)'!B26,Data!F:F)*J26 -> 0 | L26: =ROUNDUP((M26/C26),0) -> 0 | M26: =D26-K26 -> 0 | N26: =INDEX(Data!C:C,MATCH(F22,Data!B:B,0)) -> #N/A | O26: =H26-N26 -> #N/A
A27: ยอดรวมสินค้า | J27: ตะกร้าเต็ม | K27: ตะกร้าเศษ | L27: รวมตะกร้า
J28: =SUM($J$8:$J$26) -> 0 | K28: =SUM($L$8:$L$26) -> 0 | L28: =SUM(J28:K28) -> 0
B30: ผู้รับผิดชอบ.......................................... ผู้ตรวจ (เช็คเกอร์)....................................... | G30: พนักงานขนส่ง..........................................
B31: วันที่จัดเสร็จ.......................................... วันที่จัดเสร็จ................................................ | G31: ทะเบียนขนส่ง.............................................
B32: เวลาที่จัดเสร็จ......................................... เวลาที่จัดเสร็จ............................................ | G32: เลขซีล/สี.....................................................

Sheet ขอนแก่น(1)
A1: บริษัท แวลู่พลัส รีเทล จำกัด | G1: รถคันที่ : | H1: 1/1
G2: วันที่ :
A3: ใบจัดสินค้า
A4: ลูกค้า | B4: บริษัท ซีพี ออลล์ จำกัด | D4: สถานที่จัดส่ง | F4: BDC.ขอนแก่น
A5: IV | D5: วันที่ส่ง | J5: คำวนตะกร้า
J6: ตะกร้าเต็ม | L6: ตะกร้าเศษ
A7: ลำดับ | B7: ชื่อสินค้า | C7: บรรจุ | D7: จำนวน | E7: หน่วย | F7: MFD | G7: BBF/EXP | H7: อายุคงเหลือ (วัน) | J7: ใบ | K7: ชิ้น | L7: ใบ | M7: ชิ้น | N7: เกณฑ์ | O7: คงเหลือวันที่ส่งได้
A8: 1 | B8: NEWยูมิยูมิ มิลค์เค้ก 55กรัม | C8: =SUMIF(Data!E:E,B8,Data!F:F) -> 42 | E8: ชิ้น | H8: =+G8-$D$6 -> 0 | J8: =ROUNDDOWN((D8/C8),0) -> 0 | K8: =SUMIF(Data!E:E,'มหาชัย(2)'!B8,Data!F:F)*J8 -> 0 | L8: =ROUNDUP((M8/C8),0) -> 0 | M8: =D8-K8 -> 0 | N8: =INDEX(Data!C:C,MATCH(F4,Data!B:B,0)) -> 60 | O8: =H8-N8 -> -60
A9: 2 | B9: ใหม่ !! ยูมิยูมิ เค้กไข่ชีส 78กรัม | C9: =SUMIF(Data!E:E,B9,Data!F:F) -> 36 | E9: ชิ้น | H9: =+G9-$D$6 -> 0 | J9: =ROUNDDOWN((D9/C9),0) -> 0 | K9: =SUMIF(Data!E:E,'มหาชัย(2)'!B9,Data!F:F)*J9 -> 0 | L9: =ROUNDUP((M9/C9),0) -> 0 | M9: =D9-K9 -> 0 | N9: =INDEX(Data!C:C,MATCH(F5,Data!B:B,0)) -> #N/A | O9: =H9-N9 -> #N/A
A10: 3 | B10: ยูมิยูมิ เค้กอัลมอนด์ 75กรัม | C10: =SUMIF(Data!E:E,B10,Data!F:F) -> 42 | E10: ชิ้น | H10: =+G10-$D$6 -> 0 | J10: =ROUNDDOWN((D10/C10),0) -> 0 | K10: =SUMIF(Data!E:E,'มหาชัย(2)'!B10,Data!F:F)*J10 -> 0 | L10: =ROUNDUP((M10/C10),0) -> 0 | M10: =D10-K10 -> 0 | N10: =INDEX(Data!C:C,MATCH(F6,Data!B:B,0)) -> #N/A | O10: =H10-N10 -> #N/A
A11: 4 | B11: ยูมิยูมิ โรลช็อกโกแลตเค้ก 55กรัม | C11: =SUMIF(Data!E:E,B11,Data!F:F) -> 50 | E11: ชิ้น | H11: =+G11-$D$6 -> 0 | J11: =ROUNDDOWN((D11/C11),0) -> 0 | K11: =SUMIF(Data!E:E,'มหาชัย(2)'!B11,Data!F:F)*J11 -> 0 | L11: =ROUNDUP((M11/C11),0) -> 0 | M11: =D11-K11 -> 0 | N11: =INDEX(Data!C:C,MATCH(F7,Data!B:B,0)) -> #N/A | O11: =H11-N11 -> #N/A
A12: 5 | B12: ยูมิยูมิ มินิครีมเค้ก 40กรัม | C12: =SUMIF(Data!E:E,B12,Data!F:F) -> 81 | E12: ชิ้น | H12: =+G12-$D$6 -> 0 | J12: =ROUNDDOWN((D12/C12),0) -> 0 | K12: =SUMIF(Data!E:E,'มหาชัย(2)'!B12,Data!F:F)*J12 -> 0 | L12: =ROUNDUP((M12/C12),0) -> 0 | M12: =D12-K12 -> 0 | N12: =INDEX(Data!C:C,MATCH(F8,Data!B:B,0)) -> #N/A | O12: =H12-N12 -> #N/A
A13: 6 | B13: ยูมิยูมิ เค้กครีมสลัดไก่หยอง 75กรัม | C13: =SUMIF(Data!E:E,B13,Data!F:F) -> 42 | E13: ชิ้น | H13: =+G13-$D$6 -> 0 | J13: =ROUNDDOWN((D13/C13),0) -> 0 | K13: =SUMIF(Data!E:E,'มหาชัย(2)'!B13,Data!F:F)*J13 -> 0 | L13: =ROUNDUP((M13/C13),0) -> 0 | M13: =D13-K13 -> 0 | N13: =INDEX(Data!C:C,MATCH(F9,Data!B:B,0)) -> #N/A | O13: =H13-N13 -> #N/A
A14: 7 | B14: ยูมิยูมิ ชิสึเค้ก 70กรัม | C14: =SUMIF(Data!E:E,B14,Data!F:F) -> 32 | E14: ชิ้น | H14: =+G14-$D$6 -> 0 | J14: =ROUNDDOWN((D14/C14),0) -> 0 | K14: =SUMIF(Data!E:E,'มหาชัย(2)'!B14,Data!F:F)*J14 -> 0 | L14: =ROUNDUP((M14/C14),0) -> 0 | M14: =D14-K14 -> 0 | N14: =INDEX(Data!C:C,MATCH(F10,Data!B:B,0)) -> #N/A | O14: =H14-N14 -> #N/A
A15: 8 | B15: ยูมิยูมิ บลูเบอร์รี่เค้ก 52กรัม | C15: =SUMIF(Data!E:E,B15,Data!F:F) -> 70 | E15: ชิ้น | H15: =+G15-$D$6 -> 0 | J15: =ROUNDDOWN((D15/C15),0) -> 0 | K15: =SUMIF(Data!E:E,'มหาชัย(2)'!B15,Data!F:F)*J15 -> 0 | L15: =ROUNDUP((M15/C15),0) -> 0 | M15: =D15-K15 -> 0 | N15: =INDEX(Data!C:C,MATCH(F11,Data!B:B,0)) -> #N/A | O15: =H15-N15 -> #N/A
A16: 9 | B16: ยูมิยูมิ เค้กสาหร่ายไก่หยอง 75กรัม | C16: =SUMIF(Data!E:E,B16,Data!F:F) -> 45 | E16: ชิ้น | H16: =+G16-$D$6 -> 0 | J16: =ROUNDDOWN((D16/C16),0) -> 0 | K16: =SUMIF(Data!E:E,'มหาชัย(2)'!B16,Data!F:F)*J16 -> 0 | L16: =ROUNDUP((M16/C16),0) -> 0 | M16: =D16-K16 -> 0 | N16: =INDEX(Data!C:C,MATCH(F12,Data!B:B,0)) -> #N/A | O16: =H16-N16 -> #N/A
A17: 10 | B17: ยูมิยูมิ เค้กช็อกโกแลตเฮเซลนัท 75กรัม | C17: =SUMIF(Data!E:E,B17,Data!F:F) -> 48 | E17: ชิ้น | H17: =+G17-$D$6 -> 0 | J17: =ROUNDDOWN((D17/C17),0) -> 0 | K17: =SUMIF(Data!E:E,'มหาชัย(2)'!B17,Data!F:F)*J17 -> 0 | L17: =ROUNDUP((M17/C17),0) -> 0 | M17: =D17-K17 -> 0 | N17: =INDEX(Data!C:C,MATCH(F13,Data!B:B,0)) -> #N/A | O17: =H17-N17 -> #N/A
A18: 11 | B18: ยูมิยูมิ ชิฟฟอนชีสเค้ก 75กรัม | C18: =SUMIF(Data!E:E,B18,Data!F:F) -> 48 | E18: ชิ้น | H18: =+G18-$D$6 -> 0 | J18: =ROUNDDOWN((D18/C18),0) -> 0 | K18: =SUMIF(Data!E:E,'มหาชัย(2)'!B18,Data!F:F)*J18 -> 0 | L18: =ROUNDUP((M18/C18),0) -> 0 | M18: =D18-K18 -> 0 | N18: =INDEX(Data!C:C,MATCH(F14,Data!B:B,0)) -> #N/A | O18: =H18-N18 -> #N/A
A19: 12 | B19: วาฟเฟิลครีมโคโคนัทมิลค์ 62กรัม | C19: =SUMIF(Data!E:E,B19,Data!F:F) -> 60 | E19: ชิ้น | H19: =+G19-$D$6 -> 0 | J19: =ROUNDDOWN((D19/C19),0) -> 0 | K19: =SUMIF(Data!E:E,'มหาชัย(2)'!B19,Data!F:F)*J19 -> 0 | L19: =ROUNDUP((M19/C19),0) -> 0 | M19: =D19-K19 -> 0 | N19: =INDEX(Data!C:C,MATCH(F15,Data!B:B,0)) -> #N/A | O19: =H19-N19 -> #N/A
... A26: 19 | B26: ยูมิยูมิ มินิเค้กไส้ครีมกล้วยหอม 40กรัม | C26: =SUMIF(Data!E:E,B26,Data!F:F) -> 81 | E26: ชิ้น | H26: =+G26-$D$6 -> 0 | J26: =ROUNDDOWN((D26/C26),0) -> 0 | K26: =SUMIF(Data!E:E,'มหาชัย(2)'!B26,Data!F:F)*J26 -> 0 | L26: =ROUNDUP((M26/C26),0) -> 0 | M26: =D26-K26 -> 0 | N26: =INDEX(Data!C:C,MATCH(F22,Data!B:B,0)) -> #N/A | O26: =H26-N26 -> #N/A
A27: ยอดรวมสินค้า | J27: ตะกร้าเต็ม | K27: ตะกร้าเศษ | L27: รวมตะกร้า
J28: =SUM($J$8:$J$26) -> 0 | K28: =SUM($L$8:$L$26) -> 0 | L28: =SUM(J28:K28) -> 0
B30: ผู้รับผิดชอบ.......................................... ผู้ตรวจ (เช็คเกอร์)....................................... | G30: พนักงานขนส่ง..........................................
B31: วันที่จัดเสร็จ.......................................... วันที่จัดเสร็จ................................................ | G31: ทะเบียนขนส่ง.............................................
B32: เวลาที่จัดเสร็จ......................................... เวลาที่จัดเสร็จ............................................ | G32: เลขซีล/สี.....................................................

Sheet หาดใหญ่(1)
A1: บริษัท แวลู่พลัส รีเทล จำกัด | G1: รถคันที่ : | H1: 1/1
G2: วันที่ :
A3: ใบจัดสินค้า
A4: ลูกค้า | B4: บริษัท ซีพี ออลล์ จำกัด | D4: สถานที่จัดส่ง | F4: BDC.หาดใหญ่
A5: IV | D5: วันที่ส่ง | J5: คำวนตะกร้า
J6: ตะกร้าเต็ม | L6: ตะกร้าเศษ
A7: ลำดับ | B7: ชื่อสินค้า | C7: บรรจุ | D7: จำนวน | E7: หน่วย | F7: MFD | G7: BBF/EXP | H7: อายุคงเหลือ (วัน) | J7: ใบ | K7: ชิ้น | L7: ใบ | M7: ชิ้น | N7: เกณฑ์ | O7: คงเหลือวันที่ส่งได้
A8: 1 | B8: NEWยูมิยูมิ มิลค์เค้ก 55กรัม | C8: =SUMIF(Data!E:E,B8,Data!F:F) -> 42 | E8: ชิ้น | H8: =+G8-$D$6 -> 0 | J8: =ROUNDDOWN((D8/C8),0) -> 0 | K8: =SUMIF(Data!E:E,'มหาชัย(2)'!B8,Data!F:F)*J8 -> 0 | L8: =ROUNDUP((M8/C8),0) -> 0 | M8: =D8-K8 -> 0 | N8: =INDEX(Data!C:C,MATCH(F4,Data!B:B,0)) -> 60 | O8: =H8-N8 -> -60
A9: 2 | B9: ใหม่ !! ยูมิยูมิ เค้กไข่ชีส 78กรัม | C9: =SUMIF(Data!E:E,B9,Data!F:F) -> 36 | E9: ชิ้น | H9: =+G9-$D$6 -> 0 | J9: =ROUNDDOWN((D9/C9),0) -> 0 | K9: =SUMIF(Data!E:E,'มหาชัย(2)'!B9,Data!F:F)*J9 -> 0 | L9: =ROUNDUP((M9/C9),0) -> 0 | M9: =D9-K9 -> 0 | N9: =INDEX(Data!C:C,MATCH(F5,Data!B:B,0)) -> #N/A | O9: =H9-N9 -> #N/A
A10: 3 | B10: ยูมิยูมิ เค้กอัลมอนด์ 75กรัม | C10: =SUMIF(Data!E:E,B10,Data!F:F) -> 42 | E10: ชิ้น | H10: =+G10-$D$6 -> 0 | J10: =ROUNDDOWN((D10/C10),0) -> 0 | K10: =SUMIF(Data!E:E,'มหาชัย(2)'!B10,Data!F:F)*J10 -> 0 | L10: =ROUNDUP((M10/C10),0) -> 0 | M10: =D10-K10 -> 0 | N10: =INDEX(Data!C:C,MATCH(F6,Data!B:B,0)) -> #N/A | O10: =H10-N10 -> #N/A
A11: 4 | B11: ยูมิยูมิ โรลช็อกโกแลตเค้ก 55กรัม | C11: =SUMIF(Data!E:E,B11,Data!F:F) -> 50 | E11: ชิ้น | H11: =+G11-$D$6 -> 0 | J11: =ROUNDDOWN((D11/C11),0) -> 0 | K11: =SUMIF(Data!E:E,'มหาชัย(2)'!B11,Data!F:F)*J11 -> 0 | L11: =ROUNDUP((M11/C11),0) -> 0 | M11: =D11-K11 -> 0 | N11: =INDEX(Data!C:C,MATCH(F7,Data!B:B,0)) -> #N/A | O11: =H11-N11 -> #N/A
A12: 5 | B12: ยูมิยูมิ มินิครีมเค้ก 40กรัม | C12: =SUMIF(Data!E:E,B12,Data!F:F) -> 81 | E12: ชิ้น | H12: =+G12-$D$6 -> 0 | J12: =ROUNDDOWN((D12/C12),0) -> 0 | K12: =SUMIF(Data!E:E,'มหาชัย(2)'!B12,Data!F:F)*J12 -> 0 | L12: =ROUNDUP((M12/C12),0) -> 0 | M12: =D12-K12 -> 0 | N12: =INDEX(Data!C:C,MATCH(F8,Data!B:B,0)) -> #N/A | O12: =H12-N12 -> #N/A
A13: 6 | B13: ยูมิยูมิ เค้กครีมสลัดไก่หยอง 75กรัม | C13: =SUMIF(Data!E:E,B13,Data!F:F) -> 42 | E13: ชิ้น | H13: =+G13-$D$6 -> 0 | J13: =ROUNDDOWN((D13/C13),0) -> 0 | K13: =SUMIF(Data!E:E,'มหาชัย(2)'!B13,Data!F:F)*J13 -> 0 | L13: =ROUNDUP((M13/C13),0) -> 0 | M13: =D13-K13 -> 0 | N13: =INDEX(Data!C:C,MATCH(F9,Data!B:B,0)) -> #N/A | O13: =H13-N13 -> #N/A
A14: 7 | B14: ยูมิยูมิ ชิสึเค้ก 70กรัม | C14: =SUMIF(Data!E:E,B14,Data!F:F) -> 32 | E14: ชิ้น | H14: =+G14-$D$6 -> 0 | J14: =ROUNDDOWN((D14/C14),0) -> 0 | K14: =SUMIF(Data!E:E,'มหาชัย(2)'!B14,Data!F:F)*J14 -> 0 | L14: =ROUNDUP((M14/C14),0) -> 0 | M14: =D14-K14 -> 0 | N14: =INDEX(Data!C:C,MATCH(F10,Data!B:B,0)) -> #N/A | O14: =H14-N14 -> #N/A
A15: 8 | B15: ยูมิยูมิ บลูเบอร์รี่เค้ก 52กรัม | C15: =SUMIF(Data!E:E,B15,Data!F:F) -> 70 | E15: ชิ้น | H15: =+G15-$D$6 -> 0 | J15: =ROUNDDOWN((D15/C15),0) -> 0 | K15: =SUMIF(Data!E:E,'มหาชัย(2)'!B15,Data!F:F)*J15 -> 0 | L15: =ROUNDUP((M15/C15),0) -> 0 | M15: =D15-K15 -> 0 | N15: =INDEX(Data!C:C,MATCH(F11,Data!B:B,0)) -> #N/A | O15: =H15-N15 -> #N/A
A16: 9 | B16: ยูมิยูมิ เค้กสาหร่ายไก่หยอง 75กรัม | C16: =SUMIF(Data!E:E,B16,Data!F:F) -> 45 | E16: ชิ้น | H16: =+G16-$D$6 -> 0 | J16: =ROUNDDOWN((D16/C16),0) -> 0 | K16: =SUMIF(Data!E:E,'มหาชัย(2)'!B16,Data!F:F)*J16 -> 0 | L16: =ROUNDUP((M16/C16),0) -> 0 | M16: =D16-K16 -> 0 | N16: =INDEX(Data!C:C,MATCH(F12,Data!B:B,0)) -> #N/A | O16: =H16-N16 -> #N/A
A17: 10 | B17: ยูมิยูมิ เค้กช็อกโกแลตเฮเซลนัท 75กรัม | C17: =SUMIF(Data!E:E,B17,Data!F:F) -> 48 | E17: ชิ้น | H17: =+G17-$D$6 -> 0 | J17: =ROUNDDOWN((D17/C17),0) -> 0 | K17: =SUMIF(Data!E:E,'มหาชัย(2)'!B17,Data!F:F)*J17 -> 0 | L17: =ROUNDUP((M17/C17),0) -> 0 | M17: =D17-K17 -> 0 | N17: =INDEX(Data!C:C,MATCH(F13,Data!B:B,0)) -> #N/A | O17: =H17-N17 -> #N/A
A18: 11 | B18: ยูมิยูมิ ชิฟฟอนชีสเค้ก 75กรัม | C18: =SUMIF(Data!E:E,B18,Data!F:F) -> 48 | E18: ชิ้น | H18: =+G18-$D$6 -> 0 | J18: =ROUNDDOWN((D18/C18),0) -> 0 | K18: =SUMIF(Data!E:E,'มหาชัย(2)'!B18,Data!F:F)*J18 -> 0 | L18: =ROUNDUP((M18/C18),0) -> 0 | M18: =D18-K18 -> 0 | N18: =INDEX(Data!C:C,MATCH(F14,Data!B:B,0)) -> #N/A | O18: =H18-N18 -> #N/A
A19: 12 | B19: วาฟเฟิลครีมโคโคนัทมิลค์ 62กรัม | C19: =SUMIF(Data!E:E,B19,Data!F:F) -> 60 | E19: ชิ้น | H19: =+G19-$D$6 -> 0 | J19: =ROUNDDOWN((D19/C19),0) -> 0 | K19: =SUMIF(Data!E:E,'มหาชัย(2)'!B19,Data!F:F)*J19 -> 0 | L19: =ROUNDUP((M19/C19),0) -> 0 | M19: =D19-K19 -> 0 | N19: =INDEX(Data!C:C,MATCH(F15,Data!B:B,0)) -> #N/A | O19: =H19-N19 -> #N/A
... A26: 19 | B26: ยูมิยูมิ มินิเค้กไส้ครีมกล้วยหอม 40กรัม | C26: =SUMIF(Data!E:E,B26,Data!F:F) -> 81 | E26: ชิ้น | H26: =+G26-$D$6 -> 0 | J26: =ROUNDDOWN((D26/C26),0) -> 0 | K26: =SUMIF(Data!E:E,'มหาชัย(2)'!B26,Data!F:F)*J26 -> 0 | L26: =ROUNDUP((M26/C26),0) -> 0 | M26: =D26-K26 -> 0 | N26: =INDEX(Data!C:C,MATCH(F22,Data!B:B,0)) -> #N/A | O26: =H26-N26 -> #N/A
A27: ยอดรวมสินค้า | J27: ตะกร้าเต็ม | K27: ตะกร้าเศษ | L27: รวมตะกร้า
J28: =SUM($J$8:$J$26) -> 0 | K28: =SUM($L$8:$L$26) -> 0 | L28: =SUM(J28:K28) -> 0
B30: ผู้รับผิดชอบ.......................................... ผู้ตรวจ (เช็คเกอร์)....................................... | G30: พนักงานขนส่ง.......................................... | K30: ยอดตระกร้ารวม | L30: =SUM('หาดใหญ่(1):สุราษฎร์ธานี(1)'!L28) -> 0
B31: วันที่จัดเสร็จ.......................................... วันที่จัดเสร็จ................................................ | G31: ทะเบียนขนส่ง............................................. | K31: ใช้รถ | L31: =L30/200 -> 0
B32: เวลาที่จัดเสร็จ......................................... เวลาที่จัดเสร็จ............................................ | G32: เลขซีล/สี.....................................................

Sheet สุราษฎร์ธานี(2)
A1: บริษัท แวลู่พลัส รีเทล จำกัด | G1: รถคันที่ : | H1: 1/1
G2: วันที่ :
A3: ใบจัดสินค้า
A4: ลูกค้า | B4: บริษัท ซีพี ออลล์ จำกัด | D4: สถานที่จัดส่ง | F4: BDC.สุราษฎร์
A5: IV | D5: วันที่ส่ง | J5: คำวนตะกร้า
J6: ตะกร้าเต็ม | L6: ตะกร้าเศษ
A7: ลำดับ | B7: ชื่อสินค้า | C7: บรรจุ | D7: จำนวน | E7: หน่วย | F7: MFD | G7: BBF/EXP | H7: อายุคงเหลือ (วัน) | J7: ใบ | K7: ชิ้น | L7: ใบ | M7: ชิ้น | N7: เกณฑ์ | O7: คงเหลือวันที่ส่งได้
A8: 1 | B8: NEWยูมิยูมิ มิลค์เค้ก 55กรัม | C8: =SUMIF(Data!E:E,B8,Data!F:F) -> 42 | E8: ชิ้น | H8: =+G8-$D$6 -> 0 | J8: =ROUNDDOWN((D8/C8),0) -> 0 | K8: =SUMIF(Data!E:E,'มหาชัย(2)'!B8,Data!F:F)*J8 -> 0 | L8: =ROUNDUP((M8/C8),0) -> 0 | M8: =D8-K8 -> 0 | N8: =INDEX(Data!C:C,MATCH(F4,Data!B:B,0)) -> 60 | O8: =H8-N8 -> -60
A9: 2 | B9: ใหม่ !! ยูมิยูมิ เค้กไข่ชีส 78กรัม | C9: =SUMIF(Data!E:E,B9,Data!F:F) -> 36 | E9: ชิ้น | H9: =+G9-$D$6 -> 0 | J9: =ROUNDDOWN((D9/C9),0) -> 0 | K9: =SUMIF(Data!E:E,'มหาชัย(2)'!B9,Data!F:F)*J9 -> 0 | L9: =ROUNDUP((M9/C9),0) -> 0 | M9: =D9-K9 -> 0 | N9: =INDEX(Data!C:C,MATCH(F5,Data!B:B,0)) -> #N/A | O9: =H9-N9 -> #N/A
A10: 3 | B10: ยูมิยูมิ เค้กอัลมอนด์ 75กรัม | C10: =SUMIF(Data!E:E,B10,Data!F:F) -> 42 | E10: ชิ้น | H10: =+G10-$D$6 -> 0 | J10: =ROUNDDOWN((D10/C10),0) -> 0 | K10: =SUMIF(Data!E:E,'มหาชัย(2)'!B10,Data!F:F)*J10 -> 0 | L10: =ROUNDUP((M10/C10),0) -> 0 | M10: =D10-K10 -> 0 | N10: =INDEX(Data!C:C,MATCH(F6,Data!B:B,0)) -> #N/A | O10: =H10-N10 -> #N/A
A11: 4 | B11: ยูมิยูมิ โรลช็อกโกแลตเค้ก 55กรัม | C11: =SUMIF(Data!E:E,B11,Data!F:F) -> 50 | E11: ชิ้น | H11: =+G11-$D$6 -> 0 | J11: =ROUNDDOWN((D11/C11),0) -> 0 | K11: =SUMIF(Data!E:E,'มหาชัย(2)'!B11,Data!F:F)*J11 -> 0 | L11: =ROUNDUP((M11/C11),0) -> 0 | M11: =D11-K11 -> 0 | N11: =INDEX(Data!C:C,MATCH(F7,Data!B:B,0)) -> #N/A | O11: =H11-N11 -> #N/A
A12: 5 | B12: ยูมิยูมิ มินิครีมเค้ก 40กรัม | C12: =SUMIF(Data!E:E,B12,Data!F:F) -> 81 | E12: ชิ้น | H12: =+G12-$D$6 -> 0 | J12: =ROUNDDOWN((D12/C12),0) -> 0 | K12: =SUMIF(Data!E:E,'มหาชัย(2)'!B12,Data!F:F)*J12 -> 0 | L12: =ROUNDUP((M12/C12),0) -> 0 | M12: =D12-K12 -> 0 | N12: =INDEX(Data!C:C,MATCH(F8,Data!B:B,0)) -> #N/A | O12: =H12-N12 -> #N/A
A13: 6 | B13: ยูมิยูมิ เค้กครีมสลัดไก่หยอง 75กรัม | C13: =SUMIF(Data!E:E,B13,Data!F:F) -> 42 | E13: ชิ้น | H13: =+G13-$D$6 -> 0 | J13: =ROUNDDOWN((D13/C13),0) -> 0 | K13: =SUMIF(Data!E:E,'มหาชัย(2)'!B13,Data!F:F)*J13 -> 0 | L13: =ROUNDUP((M13/C13),0) -> 0 | M13: =D13-K13 -> 0 | N13: =INDEX(Data!C:C,MATCH(F9,Data!B:B,0)) -> #N/A | O13: =H13-N13 -> #N/A
A14: 7 | B14: ยูมิยูมิ ชิสึเค้ก 70กรัม | C14: =SUMIF(Data!E:E,B14,Data!F:F) -> 32 | E14: ชิ้น | H14: =+G14-$D$6 -> 0 | J14: =ROUNDDOWN((D14/C14),0) -> 0 | K14: =SUMIF(Data!E:E,'มหาชัย(2)'!B14,Data!F:F)*J14 -> 0 | L14: =ROUNDUP((M14/C14),0) -> 0 | M14: =D14-K14 -> 0 | N14: =INDEX(Data!C:C,MATCH(F10,Data!B:B,0)) -> #N/A | O14: =H14-N14 -> #N/A
A15: 8 | B15: ยูมิยูมิ บลูเบอร์รี่เค้ก 52กรัม | C15: =SUMIF(Data!E:E,B15,Data!F:F) -> 70 | E15: ชิ้น | H15: =+G15-$D$6 -> 0 | J15: =ROUNDDOWN((D15/C15),0) -> 0 | K15: =SUMIF(Data!E:E,'มหาชัย(2)'!B15,Data!F:F)*J15 -> 0 | L15: =ROUNDUP((M15/C15),0) -> 0 | M15: =D15-K15 -> 0 | N15: =INDEX(Data!C:C,MATCH(F11,Data!B:B,0)) -> #N/A | O15: =H15-N15 -> #N/A
A16: 9 | B16: ยูมิยูมิ เค้กสาหร่ายไก่หยอง 75กรัม | C16: =SUMIF(Data!E:E,B16,Data!F:F) -> 45 | E16: ชิ้น | H16: =+G16-$D$6 -> 0 | J16: =ROUNDDOWN((D16/C16),0) -> 0 | K16: =SUMIF(Data!E:E,'มหาชัย(2)'!B16,Data!F:F)*J16 -> 0 | L16: =ROUNDUP((M16/C16),0) -> 0 | M16: =D16-K16 -> 0 | N16: =INDEX(Data!C:C,MATCH(F12,Data!B:B,0)) -> #N/A | O16: =H16-N16 -> #N/A
A17: 10 | B17: ยูมิยูมิ เค้กช็อกโกแลตเฮเซลนัท 75กรัม | C17: =SUMIF(Data!E:E,B17,Data!F:F) -> 48 | E17: ชิ้น | H17: =+G17-$D$6 -> 0 | J17: =ROUNDDOWN((D17/C17),0) -> 0 | K17: =SUMIF(Data!E:E,'มหาชัย(2)'!B17,Data!F:F)*J17 -> 0 | L17: =ROUNDUP((M17/C17),0) -> 0 | M17: =D17-K17 -> 0 | N17: =INDEX(Data!C:C,MATCH(F13,Data!B:B,0)) -> #N/A | O17: =H17-N17 -> #N/A
A18: 11 | B18: ยูมิยูมิ ชิฟฟอนชีสเค้ก 75กรัม | C18: =SUMIF(Data!E:E,B18,Data!F:F) -> 48 | E18: ชิ้น | H18: =+G18-$D$6 -> 0 | J18: =ROUNDDOWN((D18/C18),0) -> 0 | K18: =SUMIF(Data!E:E,'มหาชัย(2)'!B18,Data!F:F)*J18 -> 0 | L18: =ROUNDUP((M18/C18),0) -> 0 | M18: =D18-K18 -> 0 | N18: =INDEX(Data!C:C,MATCH(F14,Data!B:B,0)) -> #N/A | O18: =H18-N18 -> #N/A
A19: 12 | B19: วาฟเฟิลครีมโคโคนัทมิลค์ 62กรัม | C19: =SUMIF(Data!E:E,B19,Data!F:F) -> 60 | E19: ชิ้น | H19: =+G19-$D$6 -> 0 | J19: =ROUNDDOWN((D19/C19),0) -> 0 | K19: =SUMIF(Data!E:E,'มหาชัย(2)'!B19,Data!F:F)*J19 -> 0 | L19: =ROUNDUP((M19/C19),0) -> 0 | M19: =D19-K19 -> 0 | N19: =INDEX(Data!C:C,MATCH(F15,Data!B:B,0)) -> #N/A | O19: =H19-N19 -> #N/A
... A26: 19 | B26: ยูมิยูมิ มินิเค้กไส้ครีมกล้วยหอม 40กรัม | C26: =SUMIF(Data!E:E,B26,Data!F:F) -> 81 | E26: ชิ้น | H26: =+G26-$D$6 -> 0 | J26: =ROUNDDOWN((D26/C26),0) -> 0 | K26: =SUMIF(Data!E:E,'มหาชัย(2)'!B26,Data!F:F)*J26 -> 0 | L26: =ROUNDUP((M26/C26),0) -> 0 | M26: =D26-K26 -> 0 | N26: =INDEX(Data!C:C,MATCH(F22,Data!B:B,0)) -> #N/A | O26: =H26-N26 -> #N/A
A27: ยอดรวมสินค้า | J27: ตะกร้าเต็ม | K27: ตะกร้าเศษ | L27: รวมตะกร้า
J28: =SUM($J$8:$J$26) -> 0 | K28: =SUM($L$8:$L$26) -> 0 | L28: =SUM(J28:K28) -> 0
B30: ผู้รับผิดชอบ.......................................... ผู้ตรวจ (เช็คเกอร์)....................................... | G30: พนักงานขนส่ง..........................................
B31: วันที่จัดเสร็จ.......................................... วันที่จัดเสร็จ................................................ | G31: ทะเบียนขนส่ง.............................................
B32: เวลาที่จัดเสร็จ......................................... เวลาที่จัดเสร็จ............................................ | G32: เลขซีล/สี.....................................................

Sheet สุราษฎร์ธานี(1)
A1: บริษัท แวลู่พลัส รีเทล จำกัด | G1: รถคันที่ : | H1: 1/1
G2: วันที่ :
A3: ใบจัดสินค้า
A4: ลูกค้า | B4: บริษัท ซีพี ออลล์ จำกัด | D4: สถานที่จัดส่ง | F4: BDC.สุราษฎร์
A5: IV | D5: วันที่ส่ง | J5: คำวนตะกร้า
J6: ตะกร้าเต็ม | L6: ตะกร้าเศษ
A7: ลำดับ | B7: ชื่อสินค้า | C7: บรรจุ | D7: จำนวน | E7: หน่วย | F7: MFD | G7: BBF/EXP | H7: อายุคงเหลือ (วัน) | J7: ใบ | K7: ชิ้น | L7: ใบ | M7: ชิ้น | N7: เกณฑ์ | O7: คงเหลือวันที่ส่งได้
A8: 1 | B8: NEWยูมิยูมิ มิลค์เค้ก 55กรัม | C8: =SUMIF(Data!E:E,B8,Data!F:F) -> 42 | E8: ชิ้น | H8: =+G8-$D$6 -> 0 | J8: =ROUNDDOWN((D8/C8),0) -> 0 | K8: =SUMIF(Data!E:E,'มหาชัย(2)'!B8,Data!F:F)*J8 -> 0 | L8: =ROUNDUP((M8/C8),0) -> 0 | M8: =D8-K8 -> 0 | N8: =INDEX(Data!C:C,MATCH(F4,Data!B:B,0)) -> 60 | O8: =H8-N8 -> -60
A9: 2 | B9: ใหม่ !! ยูมิยูมิ เค้กไข่ชีส 78กรัม | C9: =SUMIF(Data!E:E,B9,Data!F:F) -> 36 | E9: ชิ้น | H9: =+G9-$D$6 -> 0 | J9: =ROUNDDOWN((D9/C9),0) -> 0 | K9: =SUMIF(Data!E:E,'มหาชัย(2)'!B9,Data!F:F)*J9 -> 0 | L9: =ROUNDUP((M9/C9),0) -> 0 | M9: =D9-K9 -> 0 | N9: =INDEX(Data!C:C,MATCH(F5,Data!B:B,0)) -> #N/A | O9: =H9-N9 -> #N/A
A10: 3 | B10: ยูมิยูมิ เค้กอัลมอนด์ 75กรัม | C10: =SUMIF(Data!E:E,B10,Data!F:F) -> 42 | E10: ชิ้น | H10: =+G10-$D$6 -> 0 | J10: =ROUNDDOWN((D10/C10),0) -> 0 | K10: =SUMIF(Data!E:E,'มหาชัย(2)'!B10,Data!F:F)*J10 -> 0 | L10: =ROUNDUP((M10/C10),0) -> 0 | M10: =D10-K10 -> 0 | N10: =INDEX(Data!C:C,MATCH(F6,Data!B:B,0)) -> #N/A | O10: =H10-N10 -> #N/A
A11: 4 | B11: ยูมิยูมิ โรลช็อกโกแลตเค้ก 55กรัม | C11: =SUMIF(Data!E:E,B11,Data!F:F) -> 50 | E11: ชิ้น | H11: =+G11-$D$6 -> 0 | J11: =ROUNDDOWN((D11/C11),0) -> 0 | K11: =SUMIF(Data!E:E,'มหาชัย(2)'!B11,Data!F:F)*J11 -> 0 | L11: =ROUNDUP((M11/C11),0) -> 0 | M11: =D11-K11 -> 0 | N11: =INDEX(Data!C:C,MATCH(F7,Data!B:B,0)) -> #N/A | O11: =H11-N11 -> #N/A
A12: 5 | B12: ยูมิยูมิ มินิครีมเค้ก 40กรัม | C12: =SUMIF(Data!E:E,B12,Data!F:F) -> 81 | E12: ชิ้น | H12: =+G12-$D$6 -> 0 | J12: =ROUNDDOWN((D12/C12),0) -> 0 | K12: =SUMIF(Data!E:E,'มหาชัย(2)'!B12,Data!F:F)*J12 -> 0 | L12: =ROUNDUP((M12/C12),0) -> 0 | M12: =D12-K12 -> 0 | N12: =INDEX(Data!C:C,MATCH(F8,Data!B:B,0)) -> #N/A | O12: =H12-N12 -> #N/A
A13: 6 | B13: ยูมิยูมิ เค้กครีมสลัดไก่หยอง 75กรัม | C13: =SUMIF(Data!E:E,B13,Data!F:F) -> 42 | E13: ชิ้น | H13: =+G13-$D$6 -> 0 | J13: =ROUNDDOWN((D13/C13),0) -> 0 | K13: =SUMIF(Data!E:E,'มหาชัย(2)'!B13,Data!F:F)*J13 -> 0 | L13: =ROUNDUP((M13/C13),0) -> 0 | M13: =D13-K13 -> 0 | N13: =INDEX(Data!C:C,MATCH(F9,Data!B:B,0)) -> #N/A | O13: =H13-N13 -> #N/A
A14: 7 | B14: ยูมิยูมิ ชิสึเค้ก 70กรัม | C14: =SUMIF(Data!E:E,B14,Data!F:F) -> 32 | E14: ชิ้น | H14: =+G14-$D$6 -> 0 | J14: =ROUNDDOWN((D14/C14),0) -> 0 | K14: =SUMIF(Data!E:E,'มหาชัย(2)'!B14,Data!F:F)*J14 -> 0 | L14: =ROUNDUP((M14/C14),0) -> 0 | M14: =D14-K14 -> 0 | N14: =INDEX(Data!C:C,MATCH(F10,Data!B:B,0)) -> #N/A | O14: =H14-N14 -> #N/A
A15: 8 | B15: ยูมิยูมิ บลูเบอร์รี่เค้ก 52กรัม | C15: =SUMIF(Data!E:E,B15,Data!F:F) -> 70 | E15: ชิ้น | H15: =+G15-$D$6 -> 0 | J15: =ROUNDDOWN((D15/C15),0) -> 0 | K15: =SUMIF(Data!E:E,'มหาชัย(2)'!B15,Data!F:F)*J15 -> 0 | L15: =ROUNDUP((M15/C15),0) -> 0 | M15: =D15-K15 -> 0 | N15: =INDEX(Data!C:C,MATCH(F11,Data!B:B,0)) -> #N/A | O15: =H15-N15 -> #N/A
A16: 9 | B16: ยูมิยูมิ เค้กสาหร่ายไก่หยอง 75กรัม | C16: =SUMIF(Data!E:E,B16,Data!F:F) -> 45 | E16: ชิ้น | H16: =+G16-$D$6 -> 0 | J16: =ROUNDDOWN((D16/C16),0) -> 0 | K16: =SUMIF(Data!E:E,'มหาชัย(2)'!B16,Data!F:F)*J16 -> 0 | L16: =ROUNDUP((M16/C16),0) -> 0 | M16: =D16-K16 -> 0 | N16: =INDEX(Data!C:C,MATCH(F12,Data!B:B,0)) -> #N/A | O16: =H16-N16 -> #N/A
A17: 10 | B17: ยูมิยูมิ เค้กช็อกโกแลตเฮเซลนัท 75กรัม | C17: =SUMIF(Data!E:E,B17,Data!F:F) -> 48 | E17: ชิ้น | H17: =+G17-$D$6 -> 0 | J17: =ROUNDDOWN((D17/C17),0) -> 0 | K17: =SUMIF(Data!E:E,'มหาชัย(2)'!B17,Data!F:F)*J17 -> 0 | L17: =ROUNDUP((M17/C17),0) -> 0 | M17: =D17-K17 -> 0 | N17: =INDEX(Data!C:C,MATCH(F13,Data!B:B,0)) -> #N/A | O17: =H17-N17 -> #N/A
A18: 11 | B18: ยูมิยูมิ ชิฟฟอนชีสเค้ก 75กรัม | C18: =SUMIF(Data!E:E,B18,Data!F:F) -> 48 | E18: ชิ้น | H18: =+G18-$D$6 -> 0 | J18: =ROUNDDOWN((D18/C18),0) -> 0 | K18: =SUMIF(Data!E:E,'มหาชัย(2)'!B18,Data!F:F)*J18 -> 0 | L18: =ROUNDUP((M18/C18),0) -> 0 | M18: =D18-K18 -> 0 | N18: =INDEX(Data!C:C,MATCH(F14,Data!B:B,0)) -> #N/A | O18: =H18-N18 -> #N/A
A19: 12 | B19: วาฟเฟิลครีมโคโคนัทมิลค์ 62กรัม | C19: =SUMIF(Data!E:E,B19,Data!F:F) -> 60 | E19: ชิ้น | H19: =+G19-$D$6 -> 0 | J19: =ROUNDDOWN((D19/C19),0) -> 0 | K19: =SUMIF(Data!E:E,'มหาชัย(2)'!B19,Data!F:F)*J19 -> 0 | L19: =ROUNDUP((M19/C19),0) -> 0 | M19: =D19-K19 -> 0 | N19: =INDEX(Data!C:C,MATCH(F15,Data!B:B,0)) -> #N/A | O19: =H19-N19 -> #N/A
... A26: 19 | B26: ยูมิยูมิ มินิเค้กไส้ครีมกล้วยหอม 40กรัม | C26: =SUMIF(Data!E:E,B26,Data!F:F) -> 81 | E26: ชิ้น | H26: =+G26-$D$6 -> 0 | J26: =ROUNDDOWN((D26/C26),0) -> 0 | K26: =SUMIF(Data!E:E,'มหาชัย(2)'!B26,Data!F:F)*J26 -> 0 | L26: =ROUNDUP((M26/C26),0) -> 0 | M26: =D26-K26 -> 0 | N26: =INDEX(Data!C:C,MATCH(F22,Data!B:B,0)) -> #N/A | O26: =H26-N26 -> #N/A
A27: ยอดรวมสินค้า | J27: ตะกร้าเต็ม | K27: ตะกร้าเศษ | L27: รวมตะกร้า
J28: =SUM($J$8:$J$26) -> 0 | K28: =SUM($L$8:$L$26) -> 0 | L28: =SUM(J28:K28) -> 0
B30: ผู้รับผิดชอบ.......................................... ผู้ตรวจ (เช็คเกอร์)....................................... | G30: พนักงานขนส่ง..........................................
B31: วันที่จัดเสร็จ.......................................... วันที่จัดเสร็จ................................................ | G31: ทะเบียนขนส่ง.............................................
B32: เวลาที่จัดเสร็จ......................................... เวลาที่จัดเสร็จ............................................ | G32: เลขซีล/สี.....................................................

Sheet รังสิต(2)
A1: บริษัท แวลู่พลัส รีเทล จำกัด | G1: รถคันที่ : | H1: 1/1
G2: วันที่ :
A3: ใบจัดสินค้า
A4: ลูกค้า | B4: บริษัท ซีพี ออลล์ จำกัด | D4: สถานที่จัดส่ง | F4: BDC.รังสิต
A5: IV | D5: วันที่ส่ง | J5: คำวนตะกร้า
J6: ตะกร้าเต็ม | L6: ตะกร้าเศษ
A7: ลำดับ | B7: ชื่อสินค้า | C7: บรรจุ | D7: จำนวน | E7: หน่วย | F7: MFD | G7: BBF/EXP | H7: อายุคงเหลือ (วัน) | J7: ใบ | K7: ชิ้น | L7: ใบ | M7: ชิ้น | N7: เกณฑ์ | O7: คงเหลือวันที่ส่งได้
A8: 1 | B8: NEWยูมิยูมิ มิลค์เค้ก 55กรัม | C8: =SUMIF(Data!E:E,B8,Data!F:F) -> 42 | E8: ชิ้น | H8: =+G8-$D$6 -> 0 | J8: =ROUNDDOWN((D8/C8),0) -> 0 | K8: =SUMIF(Data!E:E,'มหาชัย(2)'!B8,Data!F:F)*J8 -> 0 | L8: =ROUNDUP((M8/C8),0) -> 0 | M8: =D8-K8 -> 0 | N8: =INDEX(Data!C:C,MATCH(F4,Data!B:B,0)) -> 60 | O8: =H8-N8 -> -60
A9: 2 | B9: ใหม่ !! ยูมิยูมิ เค้กไข่ชีส 78กรัม | C9: =SUMIF(Data!E:E,B9,Data!F:F) -> 36 | E9: ชิ้น | H9: =+G9-$D$6 -> 0 | J9: =ROUNDDOWN((D9/C9),0) -> 0 | K9: =SUMIF(Data!E:E,'มหาชัย(2)'!B9,Data!F:F)*J9 -> 0 | L9: =ROUNDUP((M9/C9),0) -> 0 | M9: =D9-K9 -> 0 | N9: =INDEX(Data!C:C,MATCH(F5,Data!B:B,0)) -> #N/A | O9: =H9-N9 -> #N/A
A10: 3 | B10: ยูมิยูมิ เค้กอัลมอนด์ 75กรัม | C10: =SUMIF(Data!E:E,B10,Data!F:F) -> 42 | E10: ชิ้น | H10: =+G10-$D$6 -> 0 | J10: =ROUNDDOWN((D10/C10),0) -> 0 | K10: =SUMIF(Data!E:E,'มหาชัย(2)'!B10,Data!F:F)*J10 -> 0 | L10: =ROUNDUP((M10/C10),0) -> 0 | M10: =D10-K10 -> 0 | N10: =INDEX(Data!C:C,MATCH(F6,Data!B:B,0)) -> #N/A | O10: =H10-N10 -> #N/A
A11: 4 | B11: ยูมิยูมิ โรลช็อกโกแลตเค้ก 55กรัม | C11: =SUMIF(Data!E:E,B11,Data!F:F) -> 50 | E11: ชิ้น | H11: =+G11-$D$6 -> 0 | J11: =ROUNDDOWN((D11/C11),0) -> 0 | K11: =SUMIF(Data!E:E,'มหาชัย(2)'!B11,Data!F:F)*J11 -> 0 | L11: =ROUNDUP((M11/C11),0) -> 0 | M11: =D11-K11 -> 0 | N11: =INDEX(Data!C:C,MATCH(F7,Data!B:B,0)) -> #N/A | O11: =H11-N11 -> #N/A
A12: 5 | B12: ยูมิยูมิ มินิครีมเค้ก 40กรัม | C12: =SUMIF(Data!E:E,B12,Data!F:F) -> 81 | E12: ชิ้น | H12: =+G12-$D$6 -> 0 | J12: =ROUNDDOWN((D12/C12),0) -> 0 | K12: =SUMIF(Data!E:E,'มหาชัย(2)'!B12,Data!F:F)*J12 -> 0 | L12: =ROUNDUP((M12/C12),0) -> 0 | M12: =D12-K12 -> 0 | N12: =INDEX(Data!C:C,MATCH(F8,Data!B:B,0)) -> #N/A | O12: =H12-N12 -> #N/A
A13: 6 | B13: ยูมิยูมิ เค้กครีมสลัดไก่หยอง 75กรัม | C13: =SUMIF(Data!E:E,B13,Data!F:F) -> 42 | E13: ชิ้น | H13: =+G13-$D$6 -> 0 | J13: =ROUNDDOWN((D13/C13),0) -> 0 | K13: =SUMIF(Data!E:E,'มหาชัย(2)'!B13,Data!F:F)*J13 -> 0 | L13: =ROUNDUP((M13/C13),0) -> 0 | M13: =D13-K13 -> 0 | N13: =INDEX(Data!C:C,MATCH(F9,Data!B:B,0)) -> #N/A | O13: =H13-N13 -> #N/A
A14: 7 | B14: ยูมิยูมิ ชิสึเค้ก 70กรัม | C14: =SUMIF(Data!E:E,B14,Data!F:F) -> 32 | E14: ชิ้น | H14: =+G14-$D$6 -> 0 | J14: =ROUNDDOWN((D14/C14),0) -> 0 | K14: =SUMIF(Data!E:E,'มหาชัย(2)'!B14,Data!F:F)*J14 -> 0 | L14: =ROUNDUP((M14/C14),0) -> 0 | M14: =D14-K14 -> 0 | N14: =INDEX(Data!C:C,MATCH(F10,Data!B:B,0)) -> #N/A | O14: =H14-N14 -> #N/A
A15: 8 | B15: ยูมิยูมิ บลูเบอร์รี่เค้ก 52กรัม | C15: =SUMIF(Data!E:E,B15,Data!F:F) -> 70 | E15: ชิ้น | H15: =+G15-$D$6 -> 0 | J15: =ROUNDDOWN((D15/C15),0) -> 0 | K15: =SUMIF(Data!E:E,'มหาชัย(2)'!B15,Data!F:F)*J15 -> 0 | L15: =ROUNDUP((M15/C15),0) -> 0 | M15: =D15-K15 -> 0 | N15: =INDEX(Data!C:C,MATCH(F11,Data!B:B,0)) -> #N/A | O15: =H15-N15 -> #N/A
A16: 9 | B16: ยูมิยูมิ เค้กสาหร่ายไก่หยอง 75กรัม | C16: =SUMIF(Data!E:E,B16,Data!F:F) -> 45 | E16: ชิ้น | H16: =+G16-$D$6 -> 0 | J16: =ROUNDDOWN((D16/C16),0) -> 0 | K16: =SUMIF(Data!E:E,'มหาชัย(2)'!B16,Data!F:F)*J16 -> 0 | L16: =ROUNDUP((M16/C16),0) -> 0 | M16: =D16-K16 -> 0 | N16: =INDEX(Data!C:C,MATCH(F12,Data!B:B,0)) -> #N/A | O16: =H16-N16 -> #N/A
A17: 10 | B17: ยูมิยูมิ เค้กช็อกโกแลตเฮเซลนัท 75กรัม | C17: =SUMIF(Data!E:E,B17,Data!F:F) -> 48 | E17: ชิ้น | H17: =+G17-$D$6 -> 0 | J17: =ROUNDDOWN((D17/C17),0) -> 0 | K17: =SUMIF(Data!E:E,'มหาชัย(2)'!B17,Data!F:F)*J17 -> 0 | L17: =ROUNDUP((M17/C17),0) -> 0 | M17: =D17-K17 -> 0 | N17: =INDEX(Data!C:C,MATCH(F13,Data!B:B,0)) -> #N/A | O17: =H17-N17 -> #N/A
A18: 11 | B18: ยูมิยูมิ ชิฟฟอนชีสเค้ก 75กรัม | C18: =SUMIF(Data!E:E,B18,Data!F:F) -> 48 | E18: ชิ้น | H18: =+G18-$D$6 -> 0 | J18: =ROUNDDOWN((D18/C18),0) -> 0 | K18: =SUMIF(Data!E:E,'มหาชัย(2)'!B18,Data!F:F)*J18 -> 0 | L18: =ROUNDUP((M18/C18),0) -> 0 | M18: =D18-K18 -> 0 | N18: =INDEX(Data!C:C,MATCH(F14,Data!B:B,0)) -> #N/A | O18: =H18-N18 -> #N/A
A19: 12 | B19: วาฟเฟิลครีมโคโคนัทมิลค์ 62กรัม | C19: =SUMIF(Data!E:E,B19,Data!F:F) -> 60 | E19: ชิ้น | H19: =+G19-$D$6 -> 0 | J19: =ROUNDDOWN((D19/C19),0) -> 0 | K19: =SUMIF(Data!E:E,'มหาชัย(2)'!B19,Data!F:F)*J19 -> 0 | L19: =ROUNDUP((M19/C19),0) -> 0 | M19: =D19-K19 -> 0 | N19: =INDEX(Data!C:C,MATCH(F15,Data!B:B,0)) -> #N/A | O19: =H19-N19 -> #N/A
... A26: 19 | B26: ยูมิยูมิ มินิเค้กไส้ครีมกล้วยหอม 40กรัม | C26: =SUMIF(Data!E:E,B26,Data!F:F) -> 81 | E26: ชิ้น | H26: =+G26-$D$6 -> 0 | J26: =ROUNDDOWN((D26/C26),0) -> 0 | K26: =SUMIF(Data!E:E,'มหาชัย(2)'!B26,Data!F:F)*J26 -> 0 | L26: =ROUNDUP((M26/C26),0) -> 0 | M26: =D26-K26 -> 0 | N26: =INDEX(Data!C:C,MATCH(F22,Data!B:B,0)) -> #N/A | O26: =H26-N26 -> #N/A
A27: ยอดรวมสินค้า | J27: ตะกร้าเต็ม | K27: ตะกร้าเศษ | L27: รวมตะกร้า
J28: =SUM($J$8:$J$26) -> 0 | K28: =SUM($L$8:$L$26) -> 0 | L28: =SUM(J28:K28) -> 0
B30: ผู้รับผิดชอบ.......................................... ผู้ตรวจ (เช็คเกอร์)....................................... | G30: พนักงานขนส่ง.......................................... | K30: ยอดตระกร้ารวม | L30: =SUM('รังสิต(2):รังสิต(1)'!L28) -> 0
B31: วันที่จัดเสร็จ.......................................... วันที่จัดเสร็จ................................................ | G31: ทะเบียนขนส่ง............................................. | K31: ใช้รถ | L31: =+L30/200 -> 0
B32: เวลาที่จัดเสร็จ......................................... เวลาที่จัดเสร็จ............................................ | G32: เลขซีล/สี.....................................................

Sheet รังสิต(1)
A1: บริษัท แวลู่พลัส รีเทล จำกัด | G1: รถคันที่ : | H1: 1/1
G2: วันที่ :
A3: ใบจัดสินค้า
A4: ลูกค้า | B4: บริษัท ซีพี ออลล์ จำกัด | D4: สถานที่จัดส่ง | F4: BDC.รังสิต
A5: IV | D5: วันที่ส่ง | J5: คำวนตะกร้า
J6: ตะกร้าเต็ม | L6: ตะกร้าเศษ
A7: ลำดับ | B7: ชื่อสินค้า | C7: บรรจุ | D7: จำนวน | E7: หน่วย | F7: MFD | G7: BBF/EXP | H7: อายุคงเหลือ (วัน) | J7: ใบ | K7: ชิ้น | L7: ใบ | M7: ชิ้น | N7: เกณฑ์ | O7: คงเหลือวันที่ส่งได้
A8: 1 | B8: NEWยูมิยูมิ มิลค์เค้ก 55กรัม | C8: =SUMIF(Data!E:E,B8,Data!F:F) -> 42 | E8: ชิ้น | H8: =+G8-$D$6 -> 0 | J8: =ROUNDDOWN((D8/C8),0) -> 0 | K8: =SUMIF(Data!E:E,'มหาชัย(2)'!B8,Data!F:F)*J8 -> 0 | L8: =ROUNDUP((M8/C8),0) -> 0 | M8: =D8-K8 -> 0 | N8: =INDEX(Data!C:C,MATCH(F4,Data!B:B,0)) -> 60 | O8: =H8-N8 -> -60
A9: 2 | B9: ใหม่ !! ยูมิยูมิ เค้กไข่ชีส 78กรัม | C9: =SUMIF(Data!E:E,B9,Data!F:F) -> 36 | E9: ชิ้น | H9: =+G9-$D$6 -> 0 | J9: =ROUNDDOWN((D9/C9),0) -> 0 | K9: =SUMIF(Data!E:E,'มหาชัย(2)'!B9,Data!F:F)*J9 -> 0 | L9: =ROUNDUP((M9/C9),0) -> 0 | M9: =D9-K9 -> 0 | N9: =INDEX(Data!C:C,MATCH(F5,Data!B:B,0)) -> #N/A | O9: =H9-N9 -> #N/A
A10: 3 | B10: ยูมิยูมิ เค้กอัลมอนด์ 75กรัม | C10: =SUMIF(Data!E:E,B10,Data!F:F) -> 42 | E10: ชิ้น | H10: =+G10-$D$6 -> 0 | J10: =ROUNDDOWN((D10/C10),0) -> 0 | K10: =SUMIF(Data!E:E,'มหาชัย(2)'!B10,Data!F:F)*J10 -> 0 | L10: =ROUNDUP((M10/C10),0) -> 0 | M10: =D10-K10 -> 0 | N10: =INDEX(Data!C:C,MATCH(F6,Data!B:B,0)) -> #N/A | O10: =H10-N10 -> #N/A
A11: 4 | B11: ยูมิยูมิ โรลช็อกโกแลตเค้ก 55กรัม | C11: =SUMIF(Data!E:E,B11,Data!F:F) -> 50 | E11: ชิ้น | H11: =+G11-$D$6 -> 0 | J11: =ROUNDDOWN((D11/C11),0) -> 0 | K11: =SUMIF(Data!E:E,'มหาชัย(2)'!B11,Data!F:F)*J11 -> 0 | L11: =ROUNDUP((M11/C11),0) -> 0 | M11: =D11-K11 -> 0 | N11: =INDEX(Data!C:C,MATCH(F7,Data!B:B,0)) -> #N/A | O11: =H11-N11 -> #N/A
A12: 5 | B12: ยูมิยูมิ มินิครีมเค้ก 40กรัม | C12: =SUMIF(Data!E:E,B12,Data!F:F) -> 81 | E12: ชิ้น | H12: =+G12-$D$6 -> 0 | J12: =ROUNDDOWN((D12/C12),0) -> 0 | K12: =SUMIF(Data!E:E,'มหาชัย(2)'!B12,Data!F:F)*J12 -> 0 | L12: =ROUNDUP((M12/C12),0) -> 0 | M12: =D12-K12 -> 0 | N12: =INDEX(Data!C:C,MATCH(F8,Data!B:B,0)) -> #N/A | O12: =H12-N12 -> #N/A
A13: 6 | B13: ยูมิยูมิ เค้กครีมสลัดไก่หยอง 75กรัม | C13: =SUMIF(Data!E:E,B13,Data!F:F) -> 42 | E13: ชิ้น | H13: =+G13-$D$6 -> 0 | J13: =ROUNDDOWN((D13/C13),0) -> 0 | K13: =SUMIF(Data!E:E,'มหาชัย(2)'!B13,Data!F:F)*J13 -> 0 | L13: =ROUNDUP((M13/C13),0) -> 0 | M13: =D13-K13 -> 0 | N13: =INDEX(Data!C:C,MATCH(F9,Data!B:B,0)) -> #N/A | O13: =H13-N13 -> #N/A
A14: 7 | B14: ยูมิยูมิ ชิสึเค้ก 70กรัม | C14: =SUMIF(Data!E:E,B14,Data!F:F) -> 32 | E14: ชิ้น | H14: =+G14-$D$6 -> 0 | J14: =ROUNDDOWN((D14/C14),0) -> 0 | K14: =SUMIF(Data!E:E,'มหาชัย(2)'!B14,Data!F:F)*J14 -> 0 | L14: =ROUNDUP((M14/C14),0) -> 0 | M14: =D14-K14 -> 0 | N14: =INDEX(Data!C:C,MATCH(F10,Data!B:B,0)) -> #N/A | O14: =H14-N14 -> #N/A
A15: 8 | B15: ยูมิยูมิ บลูเบอร์รี่เค้ก 52กรัม | C15: =SUMIF(Data!E:E,B15,Data!F:F) -> 70 | E15: ชิ้น | H15: =+G15-$D$6 -> 0 | J15: =ROUNDDOWN((D15/C15),0) -> 0 | K15: =SUMIF(Data!E:E,'มหาชัย(2)'!B15,Data!F:F)*J15 -> 0 | L15: =ROUNDUP((M15/C15),0) -> 0 | M15: =D15-K15 -> 0 | N15: =INDEX(Data!C:C,MATCH(F11,Data!B:B,0)) -> #N/A | O15: =H15-N15 -> #N/A
A16: 9 | B16: ยูมิยูมิ เค้กสาหร่ายไก่หยอง 75กรัม | C16: =SUMIF(Data!E:E,B16,Data!F:F) -> 45 | E16: ชิ้น | H16: =+G16-$D$6 -> 0 | J16: =ROUNDDOWN((D16/C16),0) -> 0 | K16: =SUMIF(Data!E:E,'มหาชัย(2)'!B16,Data!F:F)*J16 -> 0 | L16: =ROUNDUP((M16/C16),0) -> 0 | M16: =D16-K16 -> 0 | N16: =INDEX(Data!C:C,MATCH(F12,Data!B:B,0)) -> #N/A | O16: =H16-N16 -> #N/A
A17: 10 | B17: ยูมิยูมิ เค้กช็อกโกแลตเฮเซลนัท 75กรัม | C17: =SUMIF(Data!E:E,B17,Data!F:F) -> 48 | E17: ชิ้น | H17: =+G17-$D$6 -> 0 | J17: =ROUNDDOWN((D17/C17),0) -> 0 | K17: =SUMIF(Data!E:E,'มหาชัย(2)'!B17,Data!F:F)*J17 -> 0 | L17: =ROUNDUP((M17/C17),0) -> 0 | M17: =D17-K17 -> 0 | N17: =INDEX(Data!C:C,MATCH(F13,Data!B:B,0)) -> #N/A | O17: =H17-N17 -> #N/A
A18: 11 | B18: ยูมิยูมิ ชิฟฟอนชีสเค้ก 75กรัม | C18: =SUMIF(Data!E:E,B18,Data!F:F) -> 48 | E18: ชิ้น | H18: =+G18-$D$6 -> 0 | J18: =ROUNDDOWN((D18/C18),0) -> 0 | K18: =SUMIF(Data!E:E,'มหาชัย(2)'!B18,Data!F:F)*J18 -> 0 | L18: =ROUNDUP((M18/C18),0) -> 0 | M18: =D18-K18 -> 0 | N18: =INDEX(Data!C:C,MATCH(F14,Data!B:B,0)) -> #N/A | O18: =H18-N18 -> #N/A
A19: 12 | B19: วาฟเฟิลครีมโคโคนัทมิลค์ 62กรัม | C19: =SUMIF(Data!E:E,B19,Data!F:F) -> 60 | E19: ชิ้น | H19: =+G19-$D$6 -> 0 | J19: =ROUNDDOWN((D19/C19),0) -> 0 | K19: =SUMIF(Data!E:E,'มหาชัย(2)'!B19,Data!F:F)*J19 -> 0 | L19: =ROUNDUP((M19/C19),0) -> 0 | M19: =D19-K19 -> 0 | N19: =INDEX(Data!C:C,MATCH(F15,Data!B:B,0)) -> #N/A | O19: =H19-N19 -> #N/A
... A26: 19 | B26: ยูมิยูมิ มินิเค้กไส้ครีมกล้วยหอม 40กรัม | C26: =SUMIF(Data!E:E,B26,Data!F:F) -> 81 | E26: ชิ้น | H26: =+G26-$D$6 -> 0 | J26: =ROUNDDOWN((D26/C26),0) -> 0 | K26: =SUMIF(Data!E:E,'มหาชัย(2)'!B26,Data!F:F)*J26 -> 0 | L26: =ROUNDUP((M26/C26),0) -> 0 | M26: =D26-K26 -> 0 | N26: =INDEX(Data!C:C,MATCH(F22,Data!B:B,0)) -> #N/A | O26: =H26-N26 -> #N/A
A27: ยอดรวมสินค้า | J27: ตะกร้าเต็ม | K27: ตะกร้าเศษ | L27: รวมตะกร้า
J28: =SUM($J$8:$J$26) -> 0 | K28: =SUM($L$8:$L$26) -> 0 | L28: =SUM(J28:K28) -> 0
B30: ผู้รับผิดชอบ.......................................... ผู้ตรวจ (เช็คเกอร์)....................................... | G30: พนักงานขนส่ง..........................................
B31: วันที่จัดเสร็จ.......................................... วันที่จัดเสร็จ................................................ | G31: ทะเบียนขนส่ง.............................................
B32: เวลาที่จัดเสร็จ......................................... เวลาที่จัดเสร็จ............................................ | G32: เลขซีล/สี.....................................................

Sheet โชคชัย(2)
A1: บริษัท แวลู่พลัส รีเทล จำกัด | G1: รถคันที่ : | H1: 1/1
G2: วันที่ :
A3: ใบจัดสินค้า
A4: ลูกค้า | B4: บริษัท ซีพี ออลล์ จำกัด | D4: สถานที่จัดส่ง | F4: BDC.โชคชัยร่วมมิตร
A5: IV | D5: วันที่ส่ง | J5: คำวนตะกร้า
J6: ตะกร้าเต็ม | L6: ตะกร้าเศษ
A7: ลำดับ | B7: ชื่อสินค้า | C7: บรรจุ | D7: จำนวน | E7: หน่วย | F7: MFD | G7: BBF/EXP | H7: อายุคงเหลือ (วัน) | J7: ใบ | K7: ชิ้น | L7: ใบ | M7: ชิ้น | N7: เกณฑ์ | O7: คงเหลือวันที่ส่งได้
A8: 1 | B8: NEWยูมิยูมิ มิลค์เค้ก 55กรัม | C8: =SUMIF(Data!E:E,B8,Data!F:F) -> 42 | E8: ชิ้น | H8: =+G8-$D$6 -> 0 | J8: =ROUNDDOWN((D8/C8),0) -> 0 | K8: =SUMIF(Data!E:E,'มหาชัย(2)'!B8,Data!F:F)*J8 -> 0 | L8: =ROUNDUP((M8/C8),0) -> 0 | M8: =D8-K8 -> 0 | N8: =INDEX(Data!C:C,MATCH(F4,Data!B:B,0)) -> 60 | O8: =H8-N8 -> -60
A9: 2 | B9: ใหม่ !! ยูมิยูมิ เค้กไข่ชีส 78กรัม | C9: =SUMIF(Data!E:E,B9,Data!F:F) -> 36 | E9: ชิ้น | H9: =+G9-$D$6 -> 0 | J9: =ROUNDDOWN((D9/C9),0) -> 0 | K9: =SUMIF(Data!E:E,'มหาชัย(2)'!B9,Data!F:F)*J9 -> 0 | L9: =ROUNDUP((M9/C9),0) -> 0 | M9: =D9-K9 -> 0 | N9: =INDEX(Data!C:C,MATCH(F5,Data!B:B,0)) -> #N/A | O9: =H9-N9 -> #N/A
A10: 3 | B10: ยูมิยูมิ เค้กอัลมอนด์ 75กรัม | C10: =SUMIF(Data!E:E,B10,Data!F:F) -> 42 | E10: ชิ้น | H10: =+G10-$D$6 -> 0 | J10: =ROUNDDOWN((D10/C10),0) -> 0 | K10: =SUMIF(Data!E:E,'มหาชัย(2)'!B10,Data!F:F)*J10 -> 0 | L10: =ROUNDUP((M10/C10),0) -> 0 | M10: =D10-K10 -> 0 | N10: =INDEX(Data!C:C,MATCH(F6,Data!B:B,0)) -> #N/A | O10: =H10-N10 -> #N/A
A11: 4 | B11: ยูมิยูมิ โรลช็อกโกแลตเค้ก 55กรัม | C11: =SUMIF(Data!E:E,B11,Data!F:F) -> 50 | E11: ชิ้น | H11: =+G11-$D$6 -> 0 | J11: =ROUNDDOWN((D11/C11),0) -> 0 | K11: =SUMIF(Data!E:E,'มหาชัย(2)'!B11,Data!F:F)*J11 -> 0 | L11: =ROUNDUP((M11/C11),0) -> 0 | M11: =D11-K11 -> 0 | N11: =INDEX(Data!C:C,MATCH(F7,Data!B:B,0)) -> #N/A | O11: =H11-N11 -> #N/A
A12: 5 | B12: ยูมิยูมิ มินิครีมเค้ก 40กรัม | C12: =SUMIF(Data!E:E,B12,Data!F:F) -> 81 | E12: ชิ้น | H12: =+G12-$D$6 -> 0 | J12: =ROUNDDOWN((D12/C12),0) -> 0 | K12: =SUMIF(Data!E:E,'มหาชัย(2)'!B12,Data!F:F)*J12 -> 0 | L12: =ROUNDUP((M12/C12),0) -> 0 | M12: =D12-K12 -> 0 | N12: =INDEX(Data!C:C,MATCH(F8,Data!B:B,0)) -> #N/A | O12: =H12-N12 -> #N/A
A13: 6 | B13: ยูมิยูมิ เค้กครีมสลัดไก่หยอง 75กรัม | C13: =SUMIF(Data!E:E,B13,Data!F:F) -> 42 | E13: ชิ้น | H13: =+G13-$D$6 -> 0 | J13: =ROUNDDOWN((D13/C13),0) -> 0 | K13: =SUMIF(Data!E:E,'มหาชัย(2)'!B13,Data!F:F)*J13 -> 0 | L13: =ROUNDUP((M13/C13),0) -> 0 | M13: =D13-K13 -> 0 | N13: =INDEX(Data!C:C,MATCH(F9,Data!B:B,0)) -> #N/A | O13: =H13-N13 -> #N/A
A14: 7 | B14: ยูมิยูมิ ชิสึเค้ก 70กรัม | C14: =SUMIF(Data!E:E,B14,Data!F:F) -> 32 | E14: ชิ้น | H14: =+G14-$D$6 -> 0 | J14: =ROUNDDOWN((D14/C14),0) -> 0 | K14: =SUMIF(Data!E:E,'มหาชัย(2)'!B14,Data!F:F)*J14 -> 0 | L14: =ROUNDUP((M14/C14),0) -> 0 | M14: =D14-K14 -> 0 | N14: =INDEX(Data!C:C,MATCH(F10,Data!B:B,0)) -> #N/A | O14: =H14-N14 -> #N/A
A15: 8 | B15: ยูมิยูมิ บลูเบอร์รี่เค้ก 52กรัม | C15: =SUMIF(Data!E:E,B15,Data!F:F) -> 70 | E15: ชิ้น | H15: =+G15-$D$6 -> 0 | J15: =ROUNDDOWN((D15/C15),0) -> 0 | K15: =SUMIF(Data!E:E,'มหาชัย(2)'!B15,Data!F:F)*J15 -> 0 | L15: =ROUNDUP((M15/C15),0) -> 0 | M15: =D15-K15 -> 0 | N15: =INDEX(Data!C:C,MATCH(F11,Data!B:B,0)) -> #N/A | O15: =H15-N15 -> #N/A
A16: 9 | B16: ยูมิยูมิ เค้กสาหร่ายไก่หยอง 75กรัม | C16: =SUMIF(Data!E:E,B16,Data!F:F) -> 45 | E16: ชิ้น | H16: =+G16-$D$6 -> 0 | J16: =ROUNDDOWN((D16/C16),0) -> 0 | K16: =SUMIF(Data!E:E,'มหาชัย(2)'!B16,Data!F:F)*J16 -> 0 | L16: =ROUNDUP((M16/C16),0) -> 0 | M16: =D16-K16 -> 0 | N16: =INDEX(Data!C:C,MATCH(F12,Data!B:B,0)) -> #N/A | O16: =H16-N16 -> #N/A
A17: 10 | B17: ยูมิยูมิ เค้กช็อกโกแลตเฮเซลนัท 75กรัม | C17: =SUMIF(Data!E:E,B17,Data!F:F) -> 48 | E17: ชิ้น | H17: =+G17-$D$6 -> 0 | J17: =ROUNDDOWN((D17/C17),0) -> 0 | K17: =SUMIF(Data!E:E,'มหาชัย(2)'!B17,Data!F:F)*J17 -> 0 | L17: =ROUNDUP((M17/C17),0) -> 0 | M17: =D17-K17 -> 0 | N17: =INDEX(Data!C:C,MATCH(F13,Data!B:B,0)) -> #N/A | O17: =H17-N17 -> #N/A
A18: 11 | B18: ยูมิยูมิ ชิฟฟอนชีสเค้ก 75กรัม | C18: =SUMIF(Data!E:E,B18,Data!F:F) -> 48 | E18: ชิ้น | H18: =+G18-$D$6 -> 0 | J18: =ROUNDDOWN((D18/C18),0) -> 0 | K18: =SUMIF(Data!E:E,'มหาชัย(2)'!B18,Data!F:F)*J18 -> 0 | L18: =ROUNDUP((M18/C18),0) -> 0 | M18: =D18-K18 -> 0 | N18: =INDEX(Data!C:C,MATCH(F14,Data!B:B,0)) -> #N/A | O18: =H18-N18 -> #N/A
A19: 12 | B19: วาฟเฟิลครีมโคโคนัทมิลค์ 62กรัม | C19: =SUMIF(Data!E:E,B19,Data!F:F) -> 60 | E19: ชิ้น | H19: =+G19-$D$6 -> 0 | J19: =ROUNDDOWN((D19/C19),0) -> 0 | K19: =SUMIF(Data!E:E,'มหาชัย(2)'!B19,Data!F:F)*J19 -> 0 | L19: =ROUNDUP((M19/C19),0) -> 0 | M19: =D19-K19 -> 0 | N19: =INDEX(Data!C:C,MATCH(F15,Data!B:B,0)) -> #N/A | O19: =H19-N19 -> #N/A
... A26: 19 | B26: ยูมิยูมิ มินิเค้กไส้ครีมกล้วยหอม 40กรัม | C26: =SUMIF(Data!E:E,B26,Data!F:F) -> 81 | E26: ชิ้น | H26: =+G26-$D$6 -> 0 | J26: =ROUNDDOWN((D26/C26),0) -> 0 | K26: =SUMIF(Data!E:E,'มหาชัย(2)'!B26,Data!F:F)*J26 -> 0 | L26: =ROUNDUP((M26/C26),0) -> 0 | M26: =D26-K26 -> 0 | N26: =INDEX(Data!C:C,MATCH(F22,Data!B:B,0)) -> #N/A | O26: =H26-N26 -> #N/A
A27: ยอดรวมสินค้า | J27: ตะกร้าเต็ม | K27: ตะกร้าเศษ | L27: รวมตะกร้า
J28: =SUM($J$8:$J$26) -> 0 | K28: =SUM($L$8:$L$26) -> 0 | L28: =SUM(J28:K28) -> 0
B30: ผู้รับผิดชอบ.......................................... ผู้ตรวจ (เช็คเกอร์)....................................... | G30: พนักงานขนส่ง.......................................... | K30: ยอดตระกร้ารวม | L30: =SUM('โชคชัย(2):โชคชัย(1)'!L28) -> 0
B31: วันที่จัดเสร็จ.......................................... วันที่จัดเสร็จ................................................ | G31: ทะเบียนขนส่ง............................................. | K31: ใช้รถ | L31: =+L30/200 -> 0
B32: เวลาที่จัดเสร็จ......................................... เวลาที่จัดเสร็จ............................................ | G32: เลขซีล/สี.....................................................

Sheet โชคชัย(1)
A1: บริษัท แวลู่พลัส รีเทล จำกัด | G1: รถคันที่ : | H1: 1/1
G2: วันที่ :
A3: ใบจัดสินค้า
A4: ลูกค้า | B4: บริษัท ซีพี ออลล์ จำกัด | D4: สถานที่จัดส่ง | F4: BDC.โชคชัยร่วมมิตร
A5: IV | D5: วันที่ส่ง | J5: คำวนตะกร้า
J6: ตะกร้าเต็ม | L6: ตะกร้าเศษ
A7: ลำดับ | B7: ชื่อสินค้า | C7: บรรจุ | D7: จำนวน | E7: หน่วย | F7: MFD | G7: BBF/EXP | H7: อายุคงเหลือ (วัน) | J7: ใบ | K7: ชิ้น | L7: ใบ | M7: ชิ้น | N7: เกณฑ์ | O7: คงเหลือวันที่ส่งได้
A8: 1 | B8: NEWยูมิยูมิ มิลค์เค้ก 55กรัม | C8: =SUMIF(Data!E:E,B8,Data!F:F) -> 42 | E8: ชิ้น | H8: =+G8-$D$6 -> 0 | J8: =ROUNDDOWN((D8/C8),0) -> 0 | K8: =SUMIF(Data!E:E,'มหาชัย(2)'!B8,Data!F:F)*J8 -> 0 | L8: =ROUNDUP((M8/C8),0) -> 0 | M8: =D8-K8 -> 0 | N8: =INDEX(Data!C:C,MATCH(F4,Data!B:B,0)) -> 60 | O8: =H8-N8 -> -60
A9: 2 | B9: ใหม่ !! ยูมิยูมิ เค้กไข่ชีส 78กรัม | C9: =SUMIF(Data!E:E,B9,Data!F:F) -> 36 | E9: ชิ้น | H9: =+G9-$D$6 -> 0 | J9: =ROUNDDOWN((D9/C9),0) -> 0 | K9: =SUMIF(Data!E:E,'มหาชัย(2)'!B9,Data!F:F)*J9 -> 0 | L9: =ROUNDUP((M9/C9),0) -> 0 | M9: =D9-K9 -> 0 | N9: =INDEX(Data!C:C,MATCH(F5,Data!B:B,0)) -> #N/A | O9: =H9-N9 -> #N/A
A10: 3 | B10: ยูมิยูมิ เค้กอัลมอนด์ 75กรัม | C10: =SUMIF(Data!E:E,B10,Data!F:F) -> 42 | E10: ชิ้น | H10: =+G10-$D$6 -> 0 | J10: =ROUNDDOWN((D10/C10),0) -> 0 | K10: =SUMIF(Data!E:E,'มหาชัย(2)'!B10,Data!F:F)*J10 -> 0 | L10: =ROUNDUP((M10/C10),0) -> 0 | M10: =D10-K10 -> 0 | N10: =INDEX(Data!C:C,MATCH(F6,Data!B:B,0)) -> #N/A | O10: =H10-N10 -> #N/A
A11: 4 | B11: ยูมิยูมิ โรลช็อกโกแลตเค้ก 55กรัม | C11: =SUMIF(Data!E:E,B11,Data!F:F) -> 50 | E11: ชิ้น | H11: =+G11-$D$6 -> 0 | J11: =ROUNDDOWN((D11/C11),0) -> 0 | K11: =SUMIF(Data!E:E,'มหาชัย(2)'!B11,Data!F:F)*J11 -> 0 | L11: =ROUNDUP((M11/C11),0) -> 0 | M11: =D11-K11 -> 0 | N11: =INDEX(Data!C:C,MATCH(F7,Data!B:B,0)) -> #N/A | O11: =H11-N11 -> #N/A
A12: 5 | B12: ยูมิยูมิ มินิครีมเค้ก 40กรัม | C12: =SUMIF(Data!E:E,B12,Data!F:F) -> 81 | E12: ชิ้น | H12: =+G12-$D$6 -> 0 | J12: =ROUNDDOWN((D12/C12),0) -> 0 | K12: =SUMIF(Data!E:E,'มหาชัย(2)'!B12,Data!F:F)*J12 -> 0 | L12: =ROUNDUP((M12/C12),0) -> 0 | M12: =D12-K12 -> 0 | N12: =INDEX(Data!C:C,MATCH(F8,Data!B:B,0)) -> #N/A | O12: =H12-N12 -> #N/A
A13: 6 | B13: ยูมิยูมิ เค้กครีมสลัดไก่หยอง 75กรัม | C13: =SUMIF(Data!E:E,B13,Data!F:F) -> 42 | E13: ชิ้น | H13: =+G13-$D$6 -> 0 | J13: =ROUNDDOWN((D13/C13),0) -> 0 | K13: =SUMIF(Data!E:E,'มหาชัย(2)'!B13,Data!F:F)*J13 -> 0 | L13: =ROUNDUP((M13/C13),0) -> 0 | M13: =D13-K13 -> 0 | N13: =INDEX(Data!C:C,MATCH(F9,Data!B:B,0)) -> #N/A | O13: =H13-N13 -> #N/A
A14: 7 | B14: ยูมิยูมิ ชิสึเค้ก 70กรัม | C14: =SUMIF(Data!E:E,B14,Data!F:F) -> 32 | E14: ชิ้น | H14: =+G14-$D$6 -> 0 | J14: =ROUNDDOWN((D14/C14),0) -> 0 | K14: =SUMIF(Data!E:E,'มหาชัย(2)'!B14,Data!F:F)*J14 -> 0 | L14: =ROUNDUP((M14/C14),0) -> 0 | M14: =D14-K14 -> 0 | N14: =INDEX(Data!C:C,MATCH(F10,Data!B:B,0)) -> #N/A | O14: =H14-N14 -> #N/A
A15: 8 | B15: ยูมิยูมิ บลูเบอร์รี่เค้ก 52กรัม | C15: =SUMIF(Data!E:E,B15,Data!F:F) -> 70 | E15: ชิ้น | H15: =+G15-$D$6 -> 0 | J15: =ROUNDDOWN((D15/C15),0) -> 0 | K15: =SUMIF(Data!E:E,'มหาชัย(2)'!B15,Data!F:F)*J15 -> 0 | L15: =ROUNDUP((M15/C15),0) -> 0 | M15: =D15-K15 -> 0 | N15: =INDEX(Data!C:C,MATCH(F11,Data!B:B,0)) -> #N/A | O15: =H15-N15 -> #N/A
A16: 9 | B16: ยูมิยูมิ เค้กสาหร่ายไก่หยอง 75กรัม | C16: =SUMIF(Data!E:E,B16,Data!F:F) -> 45 | E16: ชิ้น | H16: =+G16-$D$6 -> 0 | J16: =ROUNDDOWN((D16/C16),0) -> 0 | K16: =SUMIF(Data!E:E,'มหาชัย(2)'!B16,Data!F:F)*J16 -> 0 | L16: =ROUNDUP((M16/C16),0) -> 0 | M16: =D16-K16 -> 0 | N16: =INDEX(Data!C:C,MATCH(F12,Data!B:B,0)) -> #N/A | O16: =H16-N16 -> #N/A
A17: 10 | B17: ยูมิยูมิ เค้กช็อกโกแลตเฮเซลนัท 75กรัม | C17: =SUMIF(Data!E:E,B17,Data!F:F) -> 48 | E17: ชิ้น | H17: =+G17-$D$6 -> 0 | J17: =ROUNDDOWN((D17/C17),0) -> 0 | K17: =SUMIF(Data!E:E,'มหาชัย(2)'!B17,Data!F:F)*J17 -> 0 | L17: =ROUNDUP((M17/C17),0) -> 0 | M17: =D17-K17 -> 0 | N17: =INDEX(Data!C:C,MATCH(F13,Data!B:B,0)) -> #N/A | O17: =H17-N17 -> #N/A
A18: 11 | B18: ยูมิยูมิ ชิฟฟอนชีสเค้ก 75กรัม | C18: =SUMIF(Data!E:E,B18,Data!F:F) -> 48 | E18: ชิ้น | H18: =+G18-$D$6 -> 0 | J18: =ROUNDDOWN((D18/C18),0) -> 0 | K18: =SUMIF(Data!E:E,'มหาชัย(2)'!B18,Data!F:F)*J18 -> 0 | L18: =ROUNDUP((M18/C18),0) -> 0 | M18: =D18-K18 -> 0 | N18: =INDEX(Data!C:C,MATCH(F14,Data!B:B,0)) -> #N/A | O18: =H18-N18 -> #N/A
A19: 12 | B19: วาฟเฟิลครีมโคโคนัทมิลค์ 62กรัม | C19: =SUMIF(Data!E:E,B19,Data!F:F) -> 60 | E19: ชิ้น | H19: =+G19-$D$6 -> 0 | J19: =ROUNDDOWN((D19/C19),0) -> 0 | K19: =SUMIF(Data!E:E,'มหาชัย(2)'!B19,Data!F:F)*J19 -> 0 | L19: =ROUNDUP((M19/C19),0) -> 0 | M19: =D19-K19 -> 0 | N19: =INDEX(Data!C:C,MATCH(F15,Data!B:B,0)) -> #N/A | O19: =H19-N19 -> #N/A
... A26: 19 | B26: ยูมิยูมิ มินิเค้กไส้ครีมกล้วยหอม 40กรัม | C26: =SUMIF(Data!E:E,B26,Data!F:F) -> 81 | E26: ชิ้น | H26: =+G26-$D$6 -> 0 | J26: =ROUNDDOWN((D26/C26),0) -> 0 | K26: =SUMIF(Data!E:E,'มหาชัย(2)'!B26,Data!F:F)*J26 -> 0 | L26: =ROUNDUP((M26/C26),0) -> 0 | M26: =D26-K26 -> 0 | N26: =INDEX(Data!C:C,MATCH(F22,Data!B:B,0)) -> #N/A | O26: =H26-N26 -> #N/A
A27: ยอดรวมสินค้า | J27: ตะกร้าเต็ม | K27: ตะกร้าเศษ | L27: รวมตะกร้า
J28: =SUM($J$8:$J$26) -> 0 | K28: =SUM($L$8:$L$26) -> 0 | L28: =SUM(J28:K28) -> 0
B30: ผู้รับผิดชอบ.......................................... ผู้ตรวจ (เช็คเกอร์)....................................... | G30: พนักงานขนส่ง..........................................
B31: วันที่จัดเสร็จ.......................................... วันที่จัดเสร็จ................................................ | G31: ทะเบียนขนส่ง.............................................
B32: เวลาที่จัดเสร็จ......................................... เวลาที่จัดเสร็จ............................................ | G32: เลขซีล/สี.....................................................

Sheet สำโรง(2)
A1: บริษัท แวลู่พลัส รีเทล จำกัด | G1: รถคันที่ : | H1: 1/1
G2: วันที่ :
A3: ใบจัดสินค้า
A4: ลูกค้า | B4: บริษัท ซีพี ออลล์ จำกัด | D4: สถานที่จัดส่ง | F4: BDC.สำโรง
A5: IV | D5: วันที่ส่ง | J5: คำวนตะกร้า
J6: ตะกร้าเต็ม | L6: ตะกร้าเศษ
A7: ลำดับ | B7: ชื่อสินค้า | C7: บรรจุ | D7: จำนวน | E7: หน่วย | F7: MFD | G7: BBF/EXP | H7: อายุคงเหลือ (วัน) | J7: ใบ | K7: ชิ้น | L7: ใบ | M7: ชิ้น | N7: เกณฑ์ | O7: คงเหลือวันที่ส่งได้
A8: 1 | B8: NEWยูมิยูมิ มิลค์เค้ก 55กรัม | C8: =SUMIF(Data!E:E,B8,Data!F:F) -> 42 | E8: ชิ้น | H8: =+G8-$D$6 -> 0 | J8: =ROUNDDOWN((D8/C8),0) -> 0 | K8: =SUMIF(Data!E:E,'มหาชัย(2)'!B8,Data!F:F)*J8 -> 0 | L8: =ROUNDUP((M8/C8),0) -> 0 | M8: =D8-K8 -> 0 | N8: =INDEX(Data!C:C,MATCH(F4,Data!B:B,0)) -> 60 | O8: =H8-N8 -> -60
A9: 2 | B9: ใหม่ !! ยูมิยูมิ เค้กไข่ชีส 78กรัม | C9: =SUMIF(Data!E:E,B9,Data!F:F) -> 36 | E9: ชิ้น | H9: =+G9-$D$6 -> 0 | J9: =ROUNDDOWN((D9/C9),0) -> 0 | K9: =SUMIF(Data!E:E,'มหาชัย(2)'!B9,Data!F:F)*J9 -> 0 | L9: =ROUNDUP((M9/C9),0) -> 0 | M9: =D9-K9 -> 0 | N9: =INDEX(Data!C:C,MATCH(F5,Data!B:B,0)) -> #N/A | O9: =H9-N9 -> #N/A
A10: 3 | B10: ยูมิยูมิ เค้กอัลมอนด์ 75กรัม | C10: =SUMIF(Data!E:E,B10,Data!F:F) -> 42 | E10: ชิ้น | H10: =+G10-$D$6 -> 0 | J10: =ROUNDDOWN((D10/C10),0) -> 0 | K10: =SUMIF(Data!E:E,'มหาชัย(2)'!B10,Data!F:F)*J10 -> 0 | L10: =ROUNDUP((M10/C10),0) -> 0 | M10: =D10-K10 -> 0 | N10: =INDEX(Data!C:C,MATCH(F6,Data!B:B,0)) -> #N/A | O10: =H10-N10 -> #N/A
A11: 4 | B11: ยูมิยูมิ โรลช็อกโกแลตเค้ก 55กรัม | C11: =SUMIF(Data!E:E,B11,Data!F:F) -> 50 | E11: ชิ้น | H11: =+G11-$D$6 -> 0 | J11: =ROUNDDOWN((D11/C11),0) -> 0 | K11: =SUMIF(Data!E:E,'มหาชัย(2)'!B11,Data!F:F)*J11 -> 0 | L11: =ROUNDUP((M11/C11),0) -> 0 | M11: =D11-K11 -> 0 | N11: =INDEX(Data!C:C,MATCH(F7,Data!B:B,0)) -> #N/A | O11: =H11-N11 -> #N/A
A12: 5 | B12: ยูมิยูมิ มินิครีมเค้ก 40กรัม | C12: =SUMIF(Data!E:E,B12,Data!F:F) -> 81 | E12: ชิ้น | H12: =+G12-$D$6 -> 0 | J12: =ROUNDDOWN((D12/C12),0) -> 0 | K12: =SUMIF(Data!E:E,'มหาชัย(2)'!B12,Data!F:F)*J12 -> 0 | L12: =ROUNDUP((M12/C12),0) -> 0 | M12: =D12-K12 -> 0 | N12: =INDEX(Data!C:C,MATCH(F8,Data!B:B,0)) -> #N/A | O12: =H12-N12 -> #N/A
A13: 6 | B13: ยูมิยูมิ เค้กครีมสลัดไก่หยอง 75กรัม | C13: =SUMIF(Data!E:E,B13,Data!F:F) -> 42 | E13: ชิ้น | H13: =+G13-$D$6 -> 0 | J13: =ROUNDDOWN((D13/C13),0) -> 0 | K13: =SUMIF(Data!E:E,'มหาชัย(2)'!B13,Data!F:F)*J13 -> 0 | L13: =ROUNDUP((M13/C13),0) -> 0 | M13: =D13-K13 -> 0 | N13: =INDEX(Data!C:C,MATCH(F9,Data!B:B,0)) -> #N/A | O13: =H13-N13 -> #N/A
A14: 7 | B14: ยูมิยูมิ ชิสึเค้ก 70กรัม | C14: =SUMIF(Data!E:E,B14,Data!F:F) -> 32 | E14: ชิ้น | H14: =+G14-$D$6 -> 0 | J14: =ROUNDDOWN((D14/C14),0) -> 0 | K14: =SUMIF(Data!E:E,'มหาชัย(2)'!B14,Data!F:F)*J14 -> 0 | L14: =ROUNDUP((M14/C14),0) -> 0 | M14: =D14-K14 -> 0 | N14: =INDEX(Data!C:C,MATCH(F10,Data!B:B,0)) -> #N/A | O14: =H14-N14 -> #N/A
A15: 8 | B15: ยูมิยูมิ บลูเบอร์รี่เค้ก 52กรัม | C15: =SUMIF(Data!E:E,B15,Data!F:F) -> 70 | E15: ชิ้น | H15: =+G15-$D$6 -> 0 | J15: =ROUNDDOWN((D15/C15),0) -> 0 | K15: =SUMIF(Data!E:E,'มหาชัย(2)'!B15,Data!F:F)*J15 -> 0 | L15: =ROUNDUP((M15/C15),0) -> 0 | M15: =D15-K15 -> 0 | N15: =INDEX(Data!C:C,MATCH(F11,Data!B:B,0)) -> #N/A | O15: =H15-N15 -> #N/A
A16: 9 | B16: ยูมิยูมิ เค้กสาหร่ายไก่หยอง 75กรัม | C16: =SUMIF(Data!E:E,B16,Data!F:F) -> 45 | E16: ชิ้น | H16: =+G16-$D$6 -> 0 | J16: =ROUNDDOWN((D16/C16),0) -> 0 | K16: =SUMIF(Data!E:E,'มหาชัย(2)'!B16,Data!F:F)*J16 -> 0 | L16: =ROUNDUP((M16/C16),0) -> 0 | M16: =D16-K16 -> 0 | N16: =INDEX(Data!C:C,MATCH(F12,Data!B:B,0)) -> #N/A | O16: =H16-N16 -> #N/A
A17: 10 | B17: ยูมิยูมิ เค้กช็อกโกแลตเฮเซลนัท 75กรัม | C17: =SUMIF(Data!E:E,B17,Data!F:F) -> 48 | E17: ชิ้น | H17: =+G17-$D$6 -> 0 | J17: =ROUNDDOWN((D17/C17),0) -> 0 | K17: =SUMIF(Data!E:E,'มหาชัย(2)'!B17,Data!F:F)*J17 -> 0 | L17: =ROUNDUP((M17/C17),0) -> 0 | M17: =D17-K17 -> 0 | N17: =INDEX(Data!C:C,MATCH(F13,Data!B:B,0)) -> #N/A | O17: =H17-N17 -> #N/A
A18: 11 | B18: ยูมิยูมิ ชิฟฟอนชีสเค้ก 75กรัม | C18: =SUMIF(Data!E:E,B18,Data!F:F) -> 48 | E18: ชิ้น | H18: =+G18-$D$6 -> 0 | J18: =ROUNDDOWN((D18/C18),0) -> 0 | K18: =SUMIF(Data!E:E,'มหาชัย(2)'!B18,Data!F:F)*J18 -> 0 | L18: =ROUNDUP((M18/C18),0) -> 0 | M18: =D18-K18 -> 0 | N18: =INDEX(Data!C:C,MATCH(F14,Data!B:B,0)) -> #N/A | O18: =H18-N18 -> #N/A
A19: 12 | B19: วาฟเฟิลครีมโคโคนัทมิลค์ 62กรัม | C19: =SUMIF(Data!E:E,B19,Data!F:F) -> 60 | E19: ชิ้น | H19: =+G19-$D$6 -> 0 | J19: =ROUNDDOWN((D19/C19),0) -> 0 | K19: =SUMIF(Data!E:E,'มหาชัย(2)'!B19,Data!F:F)*J19 -> 0 | L19: =ROUNDUP((M19/C19),0) -> 0 | M19: =D19-K19 -> 0 | N19: =INDEX(Data!C:C,MATCH(F15,Data!B:B,0)) -> #N/A | O19: =H19-N19 -> #N/A
... A26: 19 | B26: ยูมิยูมิ มินิเค้กไส้ครีมกล้วยหอม 40กรัม | C26: =SUMIF(Data!E:E,B26,Data!F:F) -> 81 | E26: ชิ้น | H26: =+G26-$D$6 -> 0 | J26: =ROUNDDOWN((D26/C26),0) -> 0 | K26: =SUMIF(Data!E:E,'มหาชัย(2)'!B26,Data!F:F)*J26 -> 0 | L26: =ROUNDUP((M26/C26),0) -> 0 | M26: =D26-K26 -> 0 | N26: =INDEX(Data!C:C,MATCH(F22,Data!B:B,0)) -> #N/A | O26: =H26-N26 -> #N/A
A27: ยอดรวมสินค้า | J27: ตะกร้าเต็ม | K27: ตะกร้าเศษ | L27: รวมตะกร้า
J28: =SUM($J$8:$J$26) -> 0 | K28: =SUM($L$8:$L$26) -> 0 | L28: =SUM(J28:K28) -> 0
B30: ผู้รับผิดชอบ.......................................... ผู้ตรวจ (เช็คเกอร์)....................................... | G30: พนักงานขนส่ง.......................................... | K30: ยอดตระกร้ารวม | L30: =SUM('สำโรง(2):สำโรง(1)'!L28) -> 0
B31: วันที่จัดเสร็จ.......................................... วันที่จัดเสร็จ................................................ | G31: ทะเบียนขนส่ง............................................. | K31: ใช้รถ | L31: =L30/200 -> 0
B32: เวลาที่จัดเสร็จ......................................... เวลาที่จัดเสร็จ............................................ | G32: เลขซีล/สี.....................................................

Sheet สำโรง(1)
A1: บริษัท แวลู่พลัส รีเทล จำกัด | G1: รถคันที่ : | H1: 1/1
G2: วันที่ :
A3: ใบจัดสินค้า
A4: ลูกค้า | B4: บริษัท ซีพี ออลล์ จำกัด | D4: สถานที่จัดส่ง | F4: BDC.สำโรง
A5: IV | D5: วันที่ส่ง | J5: คำวนตะกร้า
J6: ตะกร้าเต็ม | L6: ตะกร้าเศษ
A7: ลำดับ | B7: ชื่อสินค้า | C7: บรรจุ | D7: จำนวน | E7: หน่วย | F7: MFD | G7: BBF/EXP | H7: อายุคงเหลือ (วัน) | J7: ใบ | K7: ชิ้น | L7: ใบ | M7: ชิ้น | N7: เกณฑ์ | O7: คงเหลือวันที่ส่งได้
A8: 1 | B8: NEWยูมิยูมิ มิลค์เค้ก 55กรัม | C8: =SUMIF(Data!E:E,B8,Data!F:F) -> 42 | E8: ชิ้น | H8: =+G8-$D$6 -> 0 | J8: =ROUNDDOWN((D8/C8),0) -> 0 | K8: =SUMIF(Data!E:E,'มหาชัย(2)'!B8,Data!F:F)*J8 -> 0 | L8: =ROUNDUP((M8/C8),0) -> 0 | M8: =D8-K8 -> 0 | N8: =INDEX(Data!C:C,MATCH(F4,Data!B:B,0)) -> 60 | O8: =H8-N8 -> -60
A9: 2 | B9: ใหม่ !! ยูมิยูมิ เค้กไข่ชีส 78กรัม | C9: =SUMIF(Data!E:E,B9,Data!F:F) -> 36 | E9: ชิ้น | H9: =+G9-$D$6 -> 0 | J9: =ROUNDDOWN((D9/C9),0) -> 0 | K9: =SUMIF(Data!E:E,'มหาชัย(2)'!B9,Data!F:F)*J9 -> 0 | L9: =ROUNDUP((M9/C9),0) -> 0 | M9: =D9-K9 -> 0 | N9: =INDEX(Data!C:C,MATCH(F5,Data!B:B,0)) -> #N/A | O9: =H9-N9 -> #N/A
A10: 3 | B10: ยูมิยูมิ เค้กอัลมอนด์ 75กรัม | C10: =SUMIF(Data!E:E,B10,Data!F:F) -> 42 | E10: ชิ้น | H10: =+G10-$D$6 -> 0 | J10: =ROUNDDOWN((D10/C10),0) -> 0 | K10: =SUMIF(Data!E:E,'มหาชัย(2)'!B10,Data!F:F)*J10 -> 0 | L10: =ROUNDUP((M10/C10),0) -> 0 | M10: =D10-K10 -> 0 | N10: =INDEX(Data!C:C,MATCH(F6,Data!B:B,0)) -> #N/A | O10: =H10-N10 -> #N/A
A11: 4 | B11: ยูมิยูมิ โรลช็อกโกแลตเค้ก 55กรัม | C11: =SUMIF(Data!E:E,B11,Data!F:F) -> 50 | E11: ชิ้น | H11: =+G11-$D$6 -> 0 | J11: =ROUNDDOWN((D11/C11),0) -> 0 | K11: =SUMIF(Data!E:E,'มหาชัย(2)'!B11,Data!F:F)*J11 -> 0 | L11: =ROUNDUP((M11/C11),0) -> 0 | M11: =D11-K11 -> 0 | N11: =INDEX(Data!C:C,MATCH(F7,Data!B:B,0)) -> #N/A | O11: =H11-N11 -> #N/A
A12: 5 | B12: ยูมิยูมิ มินิครีมเค้ก 40กรัม | C12: =SUMIF(Data!E:E,B12,Data!F:F) -> 81 | E12: ชิ้น | H12: =+G12-$D$6 -> 0 | J12: =ROUNDDOWN((D12/C12),0) -> 0 | K12: =SUMIF(Data!E:E,'มหาชัย(2)'!B12,Data!F:F)*J12 -> 0 | L12: =ROUNDUP((M12/C12),0) -> 0 | M12: =D12-K12 -> 0 | N12: =INDEX(Data!C:C,MATCH(F8,Data!B:B,0)) -> #N/A | O12: =H12-N12 -> #N/A
A13: 6 | B13: ยูมิยูมิ เค้กครีมสลัดไก่หยอง 75กรัม | C13: =SUMIF(Data!E:E,B13,Data!F:F) -> 42 | E13: ชิ้น | H13: =+G13-$D$6 -> 0 | J13: =ROUNDDOWN((D13/C13),0) -> 0 | K13: =SUMIF(Data!E:E,'มหาชัย(2)'!B13,Data!F:F)*J13 -> 0 | L13: =ROUNDUP((M13/C13),0) -> 0 | M13: =D13-K13 -> 0 | N13: =INDEX(Data!C:C,MATCH(F9,Data!B:B,0)) -> #N/A | O13: =H13-N13 -> #N/A
A14: 7 | B14: ยูมิยูมิ ชิสึเค้ก 70กรัม | C14: =SUMIF(Data!E:E,B14,Data!F:F) -> 32 | E14: ชิ้น | H14: =+G14-$D$6 -> 0 | J14: =ROUNDDOWN((D14/C14),0) -> 0 | K14: =SUMIF(Data!E:E,'มหาชัย(2)'!B14,Data!F:F)*J14 -> 0 | L14: =ROUNDUP((M14/C14),0) -> 0 | M14: =D14-K14 -> 0 | N14: =INDEX(Data!C:C,MATCH(F10,Data!B:B,0)) -> #N/A | O14: =H14-N14 -> #N/A
A15: 8 | B15: ยูมิยูมิ บลูเบอร์รี่เค้ก 52กรัม | C15: =SUMIF(Data!E:E,B15,Data!F:F) -> 70 | E15: ชิ้น | H15: =+G15-$D$6 -> 0 | J15: =ROUNDDOWN((D15/C15),0) -> 0 | K15: =SUMIF(Data!E:E,'มหาชัย(2)'!B15,Data!F:F)*J15 -> 0 | L15: =ROUNDUP((M15/C15),0) -> 0 | M15: =D15-K15 -> 0 | N15: =INDEX(Data!C:C,MATCH(F11,Data!B:B,0)) -> #N/A | O15: =H15-N15 -> #N/A
A16: 9 | B16: ยูมิยูมิ เค้กสาหร่ายไก่หยอง 75กรัม | C16: =SUMIF(Data!E:E,B16,Data!F:F) -> 45 | E16: ชิ้น | H16: =+G16-$D$6 -> 0 | J16: =ROUNDDOWN((D16/C16),0) -> 0 | K16: =SUMIF(Data!E:E,'มหาชัย(2)'!B16,Data!F:F)*J16 -> 0 | L16: =ROUNDUP((M16/C16),0) -> 0 | M16: =D16-K16 -> 0 | N16: =INDEX(Data!C:C,MATCH(F12,Data!B:B,0)) -> #N/A | O16: =H16-N16 -> #N/A
A17: 10 | B17: ยูมิยูมิ เค้กช็อกโกแลตเฮเซลนัท 75กรัม | C17: =SUMIF(Data!E:E,B17,Data!F:F) -> 48 | E17: ชิ้น | H17: =+G17-$D$6 -> 0 | J17: =ROUNDDOWN((D17/C17),0) -> 0 | K17: =SUMIF(Data!E:E,'มหาชัย(2)'!B17,Data!F:F)*J17 -> 0 | L17: =ROUNDUP((M17/C17),0) -> 0 | M17: =D17-K17 -> 0 | N17: =INDEX(Data!C:C,MATCH(F13,Data!B:B,0)) -> #N/A | O17: =H17-N17 -> #N/A
A18: 11 | B18: ยูมิยูมิ ชิฟฟอนชีสเค้ก 75กรัม | C18: =SUMIF(Data!E:E,B18,Data!F:F) -> 48 | E18: ชิ้น | H18: =+G18-$D$6 -> 0 | J18: =ROUNDDOWN((D18/C18),0) -> 0 | K18: =SUMIF(Data!E:E,'มหาชัย(2)'!B18,Data!F:F)*J18 -> 0 | L18: =ROUNDUP((M18/C18),0) -> 0 | M18: =D18-K18 -> 0 | N18: =INDEX(Data!C:C,MATCH(F14,Data!B:B,0)) -> #N/A | O18: =H18-N18 -> #N/A
A19: 12 | B19: วาฟเฟิลครีมโคโคนัทมิลค์ 62กรัม | C19: =SUMIF(Data!E:E,B19,Data!F:F) -> 60 | E19: ชิ้น | H19: =+G19-$D$6 -> 0 | J19: =ROUNDDOWN((D19/C19),0) -> 0 | K19: =SUMIF(Data!E:E,'มหาชัย(2)'!B19,Data!F:F)*J19 -> 0 | L19: =ROUNDUP((M19/C19),0) -> 0 | M19: =D19-K19 -> 0 | N19: =INDEX(Data!C:C,MATCH(F15,Data!B:B,0)) -> #N/A | O19: =H19-N19 -> #N/A
... A26: 19 | B26: ยูมิยูมิ มินิเค้กไส้ครีมกล้วยหอม 40กรัม | C26: =SUMIF(Data!E:E,B26,Data!F:F) -> 81 | E26: ชิ้น | H26: =+G26-$D$6 -> 0 | J26: =ROUNDDOWN((D26/C26),0) -> 0 | K26: =SUMIF(Data!E:E,'มหาชัย(2)'!B26,Data!F:F)*J26 -> 0 | L26: =ROUNDUP((M26/C26),0) -> 0 | M26: =D26-K26 -> 0 | N26: =INDEX(Data!C:C,MATCH(F22,Data!B:B,0)) -> #N/A | O26: =H26-N26 -> #N/A
A27: ยอดรวมสินค้า | J27: ตะกร้าเต็ม | K27: ตะกร้าเศษ | L27: รวมตะกร้า
J28: =SUM($J$8:$J$26) -> 0 | K28: =SUM($L$8:$L$26) -> 0 | L28: =SUM(J28:K28) -> 0
B30: ผู้รับผิดชอบ.......................................... ผู้ตรวจ (เช็คเกอร์)....................................... | G30: พนักงานขนส่ง..........................................
B31: วันที่จัดเสร็จ.......................................... วันที่จัดเสร็จ................................................ | G31: ทะเบียนขนส่ง.............................................
B32: เวลาที่จัดเสร็จ......................................... เวลาที่จัดเสร็จ............................................ | G32: เลขซีล/สี.....................................................

Sheet ชลบุรี(2)
A1: บริษัท แวลู่พลัส รีเทล จำกัด | G1: รถคันที่ : | H1: 1/1
G2: วันที่ :
A3: ใบจัดสินค้า
A4: ลูกค้า | B4: บริษัท ซีพี ออลล์ จำกัด | D4: สถานที่จัดส่ง | F4: BDC.ชลบุรี
A5: IV | D5: วันที่ส่ง | J5: คำวนตะกร้า
J6: ตะกร้าเต็ม | L6: ตะกร้าเศษ
A7: ลำดับ | B7: ชื่อสินค้า | C7: บรรจุ | D7: จำนวน | E7: หน่วย | F7: MFD | G7: BBF/EXP | H7: อายุคงเหลือ (วัน) | J7: ใบ | K7: ชิ้น | L7: ใบ | M7: ชิ้น | N7: เกณฑ์ | O7: คงเหลือวันที่ส่งได้
A8: 1 | B8: NEWยูมิยูมิ มิลค์เค้ก 55กรัม | C8: =SUMIF(Data!E:E,B8,Data!F:F) -> 42 | E8: ชิ้น | H8: =+G8-$D$6 -> 0 | J8: =ROUNDDOWN((D8/C8),0) -> 0 | K8: =SUMIF(Data!E:E,'มหาชัย(2)'!B8,Data!F:F)*J8 -> 0 | L8: =ROUNDUP((M8/C8),0) -> 0 | M8: =D8-K8 -> 0 | N8: =INDEX(Data!C:C,MATCH(F4,Data!B:B,0)) -> 60 | O8: =H8-N8 -> -60
A9: 2 | B9: ใหม่ !! ยูมิยูมิ เค้กไข่ชีส 78กรัม | C9: =SUMIF(Data!E:E,B9,Data!F:F) -> 36 | E9: ชิ้น | H9: =+G9-$D$6 -> 0 | J9: =ROUNDDOWN((D9/C9),0) -> 0 | K9: =SUMIF(Data!E:E,'มหาชัย(2)'!B9,Data!F:F)*J9 -> 0 | L9: =ROUNDUP((M9/C9),0) -> 0 | M9: =D9-K9 -> 0 | N9: =INDEX(Data!C:C,MATCH(F5,Data!B:B,0)) -> #N/A | O9: =H9-N9 -> #N/A
A10: 3 | B10: ยูมิยูมิ เค้กอัลมอนด์ 75กรัม | C10: =SUMIF(Data!E:E,B10,Data!F:F) -> 42 | E10: ชิ้น | H10: =+G10-$D$6 -> 0 | J10: =ROUNDDOWN((D10/C10),0) -> 0 | K10: =SUMIF(Data!E:E,'มหาชัย(2)'!B10,Data!F:F)*J10 -> 0 | L10: =ROUNDUP((M10/C10),0) -> 0 | M10: =D10-K10 -> 0 | N10: =INDEX(Data!C:C,MATCH(F6,Data!B:B,0)) -> #N/A | O10: =H10-N10 -> #N/A
A11: 4 | B11: ยูมิยูมิ โรลช็อกโกแลตเค้ก 55กรัม | C11: =SUMIF(Data!E:E,B11,Data!F:F) -> 50 | E11: ชิ้น | H11: =+G11-$D$6 -> 0 | J11: =ROUNDDOWN((D11/C11),0) -> 0 | K11: =SUMIF(Data!E:E,'มหาชัย(2)'!B11,Data!F:F)*J11 -> 0 | L11: =ROUNDUP((M11/C11),0) -> 0 | M11: =D11-K11 -> 0 | N11: =INDEX(Data!C:C,MATCH(F7,Data!B:B,0)) -> #N/A | O11: =H11-N11 -> #N/A
A12: 5 | B12: ยูมิยูมิ มินิครีมเค้ก 40กรัม | C12: =SUMIF(Data!E:E,B12,Data!F:F) -> 81 | E12: ชิ้น | H12: =+G12-$D$6 -> 0 | J12: =ROUNDDOWN((D12/C12),0) -> 0 | K12: =SUMIF(Data!E:E,'มหาชัย(2)'!B12,Data!F:F)*J12 -> 0 | L12: =ROUNDUP((M12/C12),0) -> 0 | M12: =D12-K12 -> 0 | N12: =INDEX(Data!C:C,MATCH(F8,Data!B:B,0)) -> #N/A | O12: =H12-N12 -> #N/A
A13: 6 | B13: ยูมิยูมิ เค้กครีมสลัดไก่หยอง 75กรัม | C13: =SUMIF(Data!E:E,B13,Data!F:F) -> 42 | E13: ชิ้น | H13: =+G13-$D$6 -> 0 | J13: =ROUNDDOWN((D13/C13),0) -> 0 | K13: =SUMIF(Data!E:E,'มหาชัย(2)'!B13,Data!F:F)*J13 -> 0 | L13: =ROUNDUP((M13/C13),0) -> 0 | M13: =D13-K13 -> 0 | N13: =INDEX(Data!C:C,MATCH(F9,Data!B:B,0)) -> #N/A | O13: =H13-N13 -> #N/A
A14: 7 | B14: ยูมิยูมิ ชิสึเค้ก 70กรัม | C14: =SUMIF(Data!E:E,B14,Data!F:F) -> 32 | E14: ชิ้น | H14: =+G14-$D$6 -> 0 | J14: =ROUNDDOWN((D14/C14),0) -> 0 | K14: =SUMIF(Data!E:E,'มหาชัย(2)'!B14,Data!F:F)*J14 -> 0 | L14: =ROUNDUP((M14/C14),0) -> 0 | M14: =D14-K14 -> 0 | N14: =INDEX(Data!C:C,MATCH(F10,Data!B:B,0)) -> #N/A | O14: =H14-N14 -> #N/A
A15: 8 | B15: ยูมิยูมิ บลูเบอร์รี่เค้ก 52กรัม | C15: =SUMIF(Data!E:E,B15,Data!F:F) -> 70 | E15: ชิ้น | H15: =+G15-$D$6 -> 0 | J15: =ROUNDDOWN((D15/C15),0) -> 0 | K15: =SUMIF(Data!E:E,'มหาชัย(2)'!B15,Data!F:F)*J15 -> 0 | L15: =ROUNDUP((M15/C15),0) -> 0 | M15: =D15-K15 -> 0 | N15: =INDEX(Data!C:C,MATCH(F11,Data!B:B,0)) -> #N/A | O15: =H15-N15 -> #N/A
A16: 9 | B16: ยูมิยูมิ เค้กสาหร่ายไก่หยอง 75กรัม | C16: =SUMIF(Data!E:E,B16,Data!F:F) -> 45 | E16: ชิ้น | H16: =+G16-$D$6 -> 0 | J16: =ROUNDDOWN((D16/C16),0) -> 0 | K16: =SUMIF(Data!E:E,'มหาชัย(2)'!B16,Data!F:F)*J16 -> 0 | L16: =ROUNDUP((M16/C16),0) -> 0 | M16: =D16-K16 -> 0 | N16: =INDEX(Data!C:C,MATCH(F12,Data!B:B,0)) -> #N/A | O16: =H16-N16 -> #N/A
A17: 10 | B17: ยูมิยูมิ เค้กช็อกโกแลตเฮเซลนัท 75กรัม | C17: =SUMIF(Data!E:E,B17,Data!F:F) -> 48 | E17: ชิ้น | H17: =+G17-$D$6 -> 0 | J17: =ROUNDDOWN((D17/C17),0) -> 0 | K17: =SUMIF(Data!E:E,'มหาชัย(2)'!B17,Data!F:F)*J17 -> 0 | L17: =ROUNDUP((M17/C17),0) -> 0 | M17: =D17-K17 -> 0 | N17: =INDEX(Data!C:C,MATCH(F13,Data!B:B,0)) -> #N/A | O17: =H17-N17 -> #N/A
A18: 11 | B18: ยูมิยูมิ ชิฟฟอนชีสเค้ก 75กรัม | C18: =SUMIF(Data!E:E,B18,Data!F:F) -> 48 | E18: ชิ้น | H18: =+G18-$D$6 -> 0 | J18: =ROUNDDOWN((D18/C18),0) -> 0 | K18: =SUMIF(Data!E:E,'มหาชัย(2)'!B18,Data!F:F)*J18 -> 0 | L18: =ROUNDUP((M18/C18),0) -> 0 | M18: =D18-K18 -> 0 | N18: =INDEX(Data!C:C,MATCH(F14,Data!B:B,0)) -> #N/A | O18: =H18-N18 -> #N/A
A19: 12 | B19: วาฟเฟิลครีมโคโคนัทมิลค์ 62กรัม | C19: =SUMIF(Data!E:E,B19,Data!F:F) -> 60 | E19: ชิ้น | H19: =+G19-$D$6 -> 0 | J19: =ROUNDDOWN((D19/C19),0) -> 0 | K19: =SUMIF(Data!E:E,'มหาชัย(2)'!B19,Data!F:F)*J19 -> 0 | L19: =ROUNDUP((M19/C19),0) -> 0 | M19: =D19-K19 -> 0 | N19: =INDEX(Data!C:C,MATCH(F15,Data!B:B,0)) -> #N/A | O19: =H19-N19 -> #N/A
... A26: 19 | B26: ยูมิยูมิ มินิเค้กไส้ครีมกล้วยหอม 40กรัม | C26: =SUMIF(Data!E:E,B26,Data!F:F) -> 81 | E26: ชิ้น | H26: =+G26-$D$6 -> 0 | J26: =ROUNDDOWN((D26/C26),0) -> 0 | K26: =SUMIF(Data!E:E,'มหาชัย(2)'!B26,Data!F:F)*J26 -> 0 | L26: =ROUNDUP((M26/C26),0) -> 0 | M26: =D26-K26 -> 0 | N26: =INDEX(Data!C:C,MATCH(F22,Data!B:B,0)) -> #N/A | O26: =H26-N26 -> #N/A
A27: ยอดรวมสินค้า | J27: ตะกร้าเต็ม | K27: ตะกร้าเศษ | L27: รวมตะกร้า
J28: =SUM($J$8:$J$26) -> 0 | K28: =SUM($L$8:$L$26) -> 0 | L28: =SUM(J28:K28) -> 0
B30: ผู้รับผิดชอบ.......................................... ผู้ตรวจ (เช็คเกอร์)....................................... | G30: พนักงานขนส่ง.......................................... | K30: ยอดตระกร้ารวม | L30: =SUM('ชลบุรี(2):ร่มเกล้า(1)'!L28) -> 0
B31: วันที่จัดเสร็จ.......................................... วันที่จัดเสร็จ................................................ | G31: ทะเบียนขนส่ง............................................. | K31: ใช้รถ | L31: =L30/200 -> 0
B32: เวลาที่จัดเสร็จ......................................... เวลาที่จัดเสร็จ............................................ | G32: เลขซีล/สี.....................................................

Sheet ชลบุรี(1)
A1: บริษัท แวลู่พลัส รีเทล จำกัด | G1: รถคันที่ : | H1: 1/1
G2: วันที่ :
A3: ใบจัดสินค้า
A4: ลูกค้า | B4: บริษัท ซีพี ออลล์ จำกัด | D4: สถานที่จัดส่ง | F4: BDC.ชลบุรี
A5: IV | D5: วันที่ส่ง | J5: คำวนตะกร้า
J6: ตะกร้าเต็ม | L6: ตะกร้าเศษ
A7: ลำดับ | B7: ชื่อสินค้า | C7: บรรจุ | D7: จำนวน | E7: หน่วย | F7: MFD | G7: BBF/EXP | H7: อายุคงเหลือ (วัน) | J7: ใบ | K7: ชิ้น | L7: ใบ | M7: ชิ้น | N7: เกณฑ์ | O7: คงเหลือวันที่ส่งได้
A8: 1 | B8: NEWยูมิยูมิ มิลค์เค้ก 55กรัม | C8: =SUMIF(Data!E:E,B8,Data!F:F) -> 42 | E8: ชิ้น | H8: =+G8-$D$6 -> 0 | J8: =ROUNDDOWN((D8/C8),0) -> 0 | K8: =SUMIF(Data!E:E,'มหาชัย(2)'!B8,Data!F:F)*J8 -> 0 | L8: =ROUNDUP((M8/C8),0) -> 0 | M8: =D8-K8 -> 0 | N8: =INDEX(Data!C:C,MATCH(F4,Data!B:B,0)) -> 60 | O8: =H8-N8 -> -60
A9: 2 | B9: ใหม่ !! ยูมิยูมิ เค้กไข่ชีส 78กรัม | C9: =SUMIF(Data!E:E,B9,Data!F:F) -> 36 | E9: ชิ้น | H9: =+G9-$D$6 -> 0 | J9: =ROUNDDOWN((D9/C9),0) -> 0 | K9: =SUMIF(Data!E:E,'มหาชัย(2)'!B9,Data!F:F)*J9 -> 0 | L9: =ROUNDUP((M9/C9),0) -> 0 | M9: =D9-K9 -> 0 | N9: =INDEX(Data!C:C,MATCH(F5,Data!B:B,0)) -> #N/A | O9: =H9-N9 -> #N/A
A10: 3 | B10: ยูมิยูมิ เค้กอัลมอนด์ 75กรัม | C10: =SUMIF(Data!E:E,B10,Data!F:F) -> 42 | E10: ชิ้น | H10: =+G10-$D$6 -> 0 | J10: =ROUNDDOWN((D10/C10),0) -> 0 | K10: =SUMIF(Data!E:E,'มหาชัย(2)'!B10,Data!F:F)*J10 -> 0 | L10: =ROUNDUP((M10/C10),0) -> 0 | M10: =D10-K10 -> 0 | N10: =INDEX(Data!C:C,MATCH(F6,Data!B:B,0)) -> #N/A | O10: =H10-N10 -> #N/A
A11: 4 | B11: ยูมิยูมิ โรลช็อกโกแลตเค้ก 55กรัม | C11: =SUMIF(Data!E:E,B11,Data!F:F) -> 50 | E11: ชิ้น | H11: =+G11-$D$6 -> 0 | J11: =ROUNDDOWN((D11/C11),0) -> 0 | K11: =SUMIF(Data!E:E,'มหาชัย(2)'!B11,Data!F:F)*J11 -> 0 | L11: =ROUNDUP((M11/C11),0) -> 0 | M11: =D11-K11 -> 0 | N11: =INDEX(Data!C:C,MATCH(F7,Data!B:B,0)) -> #N/A | O11: =H11-N11 -> #N/A
A12: 5 | B12: ยูมิยูมิ มินิครีมเค้ก 40กรัม | C12: =SUMIF(Data!E:E,B12,Data!F:F) -> 81 | E12: ชิ้น | H12: =+G12-$D$6 -> 0 | J12: =ROUNDDOWN((D12/C12),0) -> 0 | K12: =SUMIF(Data!E:E,'มหาชัย(2)'!B12,Data!F:F)*J12 -> 0 | L12: =ROUNDUP((M12/C12),0) -> 0 | M12: =D12-K12 -> 0 | N12: =INDEX(Data!C:C,MATCH(F8,Data!B:B,0)) -> #N/A | O12: =H12-N12 -> #N/A
A13: 6 | B13: ยูมิยูมิ เค้กครีมสลัดไก่หยอง 75กรัม | C13: =SUMIF(Data!E:E,B13,Data!F:F) -> 42 | E13: ชิ้น | H13: =+G13-$D$6 -> 0 | J13: =ROUNDDOWN((D13/C13),0) -> 0 | K13: =SUMIF(Data!E:E,'มหาชัย(2)'!B13,Data!F:F)*J13 -> 0 | L13: =ROUNDUP((M13/C13),0) -> 0 | M13: =D13-K13 -> 0 | N13: =INDEX(Data!C:C,MATCH(F9,Data!B:B,0)) -> #N/A | O13: =H13-N13 -> #N/A
A14: 7 | B14: ยูมิยูมิ ชิสึเค้ก 70กรัม | C14: =SUMIF(Data!E:E,B14,Data!F:F) -> 32 | E14: ชิ้น | H14: =+G14-$D$6 -> 0 | J14: =ROUNDDOWN((D14/C14),0) -> 0 | K14: =SUMIF(Data!E:E,'มหาชัย(2)'!B14,Data!F:F)*J14 -> 0 | L14: =ROUNDUP((M14/C14),0) -> 0 | M14: =D14-K14 -> 0 | N14: =INDEX(Data!C:C,MATCH(F10,Data!B:B,0)) -> #N/A | O14: =H14-N14 -> #N/A
A15: 8 | B15: ยูมิยูมิ บลูเบอร์รี่เค้ก 52กรัม | C15: =SUMIF(Data!E:E,B15,Data!F:F) -> 70 | E15: ชิ้น | H15: =+G15-$D$6 -> 0 | J15: =ROUNDDOWN((D15/C15),0) -> 0 | K15: =SUMIF(Data!E:E,'มหาชัย(2)'!B15,Data!F:F)*J15 -> 0 | L15: =ROUNDUP((M15/C15),0) -> 0 | M15: =D15-K15 -> 0 | N15: =INDEX(Data!C:C,MATCH(F11,Data!B:B,0)) -> #N/A | O15: =H15-N15 -> #N/A
A16: 9 | B16: ยูมิยูมิ เค้กสาหร่ายไก่หยอง 75กรัม | C16: =SUMIF(Data!E:E,B16,Data!F:F) -> 45 | E16: ชิ้น | H16: =+G16-$D$6 -> 0 | J16: =ROUNDDOWN((D16/C16),0) -> 0 | K16: =SUMIF(Data!E:E,'มหาชัย(2)'!B16,Data!F:F)*J16 -> 0 | L16: =ROUNDUP((M16/C16),0) -> 0 | M16: =D16-K16 -> 0 | N16: =INDEX(Data!C:C,MATCH(F12,Data!B:B,0)) -> #N/A | O16: =H16-N16 -> #N/A
A17: 10 | B17: ยูมิยูมิ เค้กช็อกโกแลตเฮเซลนัท 75กรัม | C17: =SUMIF(Data!E:E,B17,Data!F:F) -> 48 | E17: ชิ้น | H17: =+G17-$D$6 -> 0 | J17: =ROUNDDOWN((D17/C17),0) -> 0 | K17: =SUMIF(Data!E:E,'มหาชัย(2)'!B17,Data!F:F)*J17 -> 0 | L17: =ROUNDUP((M17/C17),0) -> 0 | M17: =D17-K17 -> 0 | N17: =INDEX(Data!C:C,MATCH(F13,Data!B:B,0)) -> #N/A | O17: =H17-N17 -> #N/A
A18: 11 | B18: ยูมิยูมิ ชิฟฟอนชีสเค้ก 75กรัม | C18: =SUMIF(Data!E:E,B18,Data!F:F) -> 48 | E18: ชิ้น | H18: =+G18-$D$6 -> 0 | J18: =ROUNDDOWN((D18/C18),0) -> 0 | K18: =SUMIF(Data!E:E,'มหาชัย(2)'!B18,Data!F:F)*J18 -> 0 | L18: =ROUNDUP((M18/C18),0) -> 0 | M18: =D18-K18 -> 0 | N18: =INDEX(Data!C:C,MATCH(F14,Data!B:B,0)) -> #N/A | O18: =H18-N18 -> #N/A
A19: 12 | B19: วาฟเฟิลครีมโคโคนัทมิลค์ 62กรัม | C19: =SUMIF(Data!E:E,B19,Data!F:F) -> 60 | E19: ชิ้น | H19: =+G19-$D$6 -> 0 | J19: =ROUNDDOWN((D19/C19),0) -> 0 | K19: =SUMIF(Data!E:E,'มหาชัย(2)'!B19,Data!F:F)*J19 -> 0 | L19: =ROUNDUP((M19/C19),0) -> 0 | M19: =D19-K19 -> 0 | N19: =INDEX(Data!C:C,MATCH(F15,Data!B:B,0)) -> #N/A | O19: =H19-N19 -> #N/A
... A26: 19 | B26: ยูมิยูมิ มินิเค้กไส้ครีมกล้วยหอม 40กรัม | C26: =SUMIF(Data!E:E,B26,Data!F:F) -> 81 | E26: ชิ้น | H26: =+G26-$D$6 -> 0 | J26: =ROUNDDOWN((D26/C26),0) -> 0 | K26: =SUMIF(Data!E:E,'มหาชัย(2)'!B26,Data!F:F)*J26 -> 0 | L26: =ROUNDUP((M26/C26),0) -> 0 | M26: =D26-K26 -> 0 | N26: =INDEX(Data!C:C,MATCH(F22,Data!B:B,0)) -> #N/A | O26: =H26-N26 -> #N/A
A27: ยอดรวมสินค้า | J27: ตะกร้าเต็ม | K27: ตะกร้าเศษ | L27: รวมตะกร้า
J28: =SUM($J$8:$J$26) -> 0 | K28: =SUM($L$8:$L$26) -> 0 | L28: =SUM(J28:K28) -> 0
B30: ผู้รับผิดชอบ.......................................... ผู้ตรวจ (เช็คเกอร์)....................................... | G30: พนักงานขนส่ง..........................................
B31: วันที่จัดเสร็จ.......................................... วันที่จัดเสร็จ................................................ | G31: ทะเบียนขนส่ง.............................................
B32: เวลาที่จัดเสร็จ......................................... เวลาที่จัดเสร็จ............................................ | G32: เลขซีล/สี.....................................................

Sheet ร่มเกล้า(3)
A1: บริษัท แวลู่พลัส รีเทล จำกัด | G1: รถคันที่ : | H1: 1/1
G2: วันที่ :
A3: ใบจัดสินค้า
A4: ลูกค้า | B4: บริษัท ซีพี ออลล์ จำกัด | D4: สถานที่จัดส่ง | F4: BDC.ร่มเกล้า
A5: IV | D5: วันที่ส่ง | J5: คำวนตะกร้า
J6: ตะกร้าเต็ม | L6: ตะกร้าเศษ
A7: ลำดับ | B7: ชื่อสินค้า | C7: บรรจุ | D7: จำนวน | E7: หน่วย | F7: MFD | G7: BBF/EXP | H7: อายุคงเหลือ (วัน) | J7: ใบ | K7: ชิ้น | L7: ใบ | M7: ชิ้น | N7: เกณฑ์ | O7: คงเหลือวันที่ส่งได้
A8: 1 | B8: NEWยูมิยูมิ มิลค์เค้ก 55กรัม | C8: =SUMIF(Data!E:E,B8,Data!F:F) -> 42 | E8: ชิ้น | H8: =+G8-$D$6 -> 0 | J8: =ROUNDDOWN((D8/C8),0) -> 0 | K8: =SUMIF(Data!E:E,'มหาชัย(2)'!B8,Data!F:F)*J8 -> 0 | L8: =ROUNDUP((M8/C8),0) -> 0 | M8: =D8-K8 -> 0 | N8: =INDEX(Data!C:C,MATCH(F4,Data!B:B,0)) -> 60 | O8: =H8-N8 -> -60
A9: 2 | B9: ใหม่ !! ยูมิยูมิ เค้กไข่ชีส 78กรัม | C9: =SUMIF(Data!E:E,B9,Data!F:F) -> 36 | E9: ชิ้น | H9: =+G9-$D$6 -> 0 | J9: =ROUNDDOWN((D9/C9),0) -> 0 | K9: =SUMIF(Data!E:E,'มหาชัย(2)'!B9,Data!F:F)*J9 -> 0 | L9: =ROUNDUP((M9/C9),0) -> 0 | M9: =D9-K9 -> 0 | N9: =INDEX(Data!C:C,MATCH(F5,Data!B:B,0)) -> #N/A | O9: =H9-N9 -> #N/A
A10: 3 | B10: ยูมิยูมิ เค้กอัลมอนด์ 75กรัม | C10: =SUMIF(Data!E:E,B10,Data!F:F) -> 42 | E10: ชิ้น | H10: =+G10-$D$6 -> 0 | J10: =ROUNDDOWN((D10/C10),0) -> 0 | K10: =SUMIF(Data!E:E,'มหาชัย(2)'!B10,Data!F:F)*J10 -> 0 | L10: =ROUNDUP((M10/C10),0) -> 0 | M10: =D10-K10 -> 0 | N10: =INDEX(Data!C:C,MATCH(F6,Data!B:B,0)) -> #N/A | O10: =H10-N10 -> #N/A
A11: 4 | B11: ยูมิยูมิ โรลช็อกโกแลตเค้ก 55กรัม | C11: =SUMIF(Data!E:E,B11,Data!F:F) -> 50 | E11: ชิ้น | H11: =+G11-$D$6 -> 0 | J11: =ROUNDDOWN((D11/C11),0) -> 0 | K11: =SUMIF(Data!E:E,'มหาชัย(2)'!B11,Data!F:F)*J11 -> 0 | L11: =ROUNDUP((M11/C11),0) -> 0 | M11: =D11-K11 -> 0 | N11: =INDEX(Data!C:C,MATCH(F7,Data!B:B,0)) -> #N/A | O11: =H11-N11 -> #N/A
A12: 5 | B12: ยูมิยูมิ มินิครีมเค้ก 40กรัม | C12: =SUMIF(Data!E:E,B12,Data!F:F) -> 81 | E12: ชิ้น | H12: =+G12-$D$6 -> 0 | J12: =ROUNDDOWN((D12/C12),0) -> 0 | K12: =SUMIF(Data!E:E,'มหาชัย(2)'!B12,Data!F:F)*J12 -> 0 | L12: =ROUNDUP((M12/C12),0) -> 0 | M12: =D12-K12 -> 0 | N12: =INDEX(Data!C:C,MATCH(F8,Data!B:B,0)) -> #N/A | O12: =H12-N12 -> #N/A
A13: 6 | B13: ยูมิยูมิ เค้กครีมสลัดไก่หยอง 75กรัม | C13: =SUMIF(Data!E:E,B13,Data!F:F) -> 42 | E13: ชิ้น | H13: =+G13-$D$6 -> 0 | J13: =ROUNDDOWN((D13/C13),0) -> 0 | K13: =SUMIF(Data!E:E,'มหาชัย(2)'!B13,Data!F:F)*J13 -> 0 | L13: =ROUNDUP((M13/C13),0) -> 0 | M13: =D13-K13 -> 0 | N13: =INDEX(Data!C:C,MATCH(F9,Data!B:B,0)) -> #N/A | O13: =H13-N13 -> #N/A
A14: 7 | B14: ยูมิยูมิ ชิสึเค้ก 70กรัม | C14: =SUMIF(Data!E:E,B14,Data!F:F) -> 32 | E14: ชิ้น | H14: =+G14-$D$6 -> 0 | J14: =ROUNDDOWN((D14/C14),0) -> 0 | K14: =SUMIF(Data!E:E,'มหาชัย(2)'!B14,Data!F:F)*J14 -> 0 | L14: =ROUNDUP((M14/C14),0) -> 0 | M14: =D14-K14 -> 0 | N14: =INDEX(Data!C:C,MATCH(F10,Data!B:B,0)) -> #N/A | O14: =H14-N14 -> #N/A
A15: 8 | B15: ยูมิยูมิ บลูเบอร์รี่เค้ก 52กรัม | C15: =SUMIF(Data!E:E,B15,Data!F:F) -> 70 | E15: ชิ้น | H15: =+G15-$D$6 -> 0 | J15: =ROUNDDOWN((D15/C15),0) -> 0 | K15: =SUMIF(Data!E:E,'มหาชัย(2)'!B15,Data!F:F)*J15 -> 0 | L15: =ROUNDUP((M15/C15),0) -> 0 | M15: =D15-K15 -> 0 | N15: =INDEX(Data!C:C,MATCH(F11,Data!B:B,0)) -> #N/A | O15: =H15-N15 -> #N/A
A16: 9 | B16: ยูมิยูมิ เค้กสาหร่ายไก่หยอง 75กรัม | C16: =SUMIF(Data!E:E,B16,Data!F:F) -> 45 | E16: ชิ้น | H16: =+G16-$D$6 -> 0 | J16: =ROUNDDOWN((D16/C16),0) -> 0 | K16: =SUMIF(Data!E:E,'มหาชัย(2)'!B16,Data!F:F)*J16 -> 0 | L16: =ROUNDUP((M16/C16),0) -> 0 | M16: =D16-K16 -> 0 | N16: =INDEX(Data!C:C,MATCH(F12,Data!B:B,0)) -> #N/A | O16: =H16-N16 -> #N/A
A17: 10 | B17: ยูมิยูมิ เค้กช็อกโกแลตเฮเซลนัท 75กรัม | C17: =SUMIF(Data!E:E,B17,Data!F:F) -> 48 | E17: ชิ้น | H17: =+G17-$D$6 -> 0 | J17: =ROUNDDOWN((D17/C17),0) -> 0 | K17: =SUMIF(Data!E:E,'มหาชัย(2)'!B17,Data!F:F)*J17 -> 0 | L17: =ROUNDUP((M17/C17),0) -> 0 | M17: =D17-K17 -> 0 | N17: =INDEX(Data!C:C,MATCH(F13,Data!B:B,0)) -> #N/A | O17: =H17-N17 -> #N/A
A18: 11 | B18: ยูมิยูมิ ชิฟฟอนชีสเค้ก 75กรัม | C18: =SUMIF(Data!E:E,B18,Data!F:F) -> 48 | E18: ชิ้น | H18: =+G18-$D$6 -> 0 | J18: =ROUNDDOWN((D18/C18),0) -> 0 | K18: =SUMIF(Data!E:E,'มหาชัย(2)'!B18,Data!F:F)*J18 -> 0 | L18: =ROUNDUP((M18/C18),0) -> 0 | M18: =D18-K18 -> 0 | N18: =INDEX(Data!C:C,MATCH(F14,Data!B:B,0)) -> #N/A | O18: =H18-N18 -> #N/A
A19: 12 | B19: วาฟเฟิลครีมโคโคนัทมิลค์ 62กรัม | C19: =SUMIF(Data!E:E,B19,Data!F:F) -> 60 | E19: ชิ้น | H19: =+G19-$D$6 -> 0 | J19: =ROUNDDOWN((D19/C19),0) -> 0 | K19: =SUMIF(Data!E:E,'มหาชัย(2)'!B19,Data!F:F)*J19 -> 0 | L19: =ROUNDUP((M19/C19),0) -> 0 | M19: =D19-K19 -> 0 | N19: =INDEX(Data!C:C,MATCH(F15,Data!B:B,0)) -> #N/A | O19: =H19-N19 -> #N/A
... A26: 19 | B26: ยูมิยูมิ มินิเค้กไส้ครีมกล้วยหอม 40กรัม | C26: =SUMIF(Data!E:E,B26,Data!F:F) -> 81 | E26: ชิ้น | H26: =+G26-$D$6 -> 0 | J26: =ROUNDDOWN((D26/C26),0) -> 0 | K26: =SUMIF(Data!E:E,'มหาชัย(2)'!B26,Data!F:F)*J26 -> 0 | L26: =ROUNDUP((M26/C26),0) -> 0 | M26: =D26-K26 -> 0 | N26: =INDEX(Data!C:C,MATCH(F22,Data!B:B,0)) -> #N/A | O26: =H26-N26 -> #N/A
A27: ยอดรวมสินค้า | J27: ตะกร้าเต็ม | K27: ตะกร้าเศษ | L27: รวมตะกร้า
J28: =SUM($J$8:$J$26) -> 0 | K28: =SUM($L$8:$L$26) -> 0 | L28: =SUM(J28:K28) -> 0
B30: ผู้รับผิดชอบ.......................................... ผู้ตรวจ (เช็คเกอร์)....................................... | G30: พนักงานขนส่ง..........................................
B31: วันที่จัดเสร็จ.......................................... วันที่จัดเสร็จ................................................ | G31: ทะเบียนขนส่ง.............................................
B32: เวลาที่จัดเสร็จ......................................... เวลาที่จัดเสร็จ............................................ | G32: เลขซีล/สี.....................................................

Sheet ร่มเกล้า(2)
A1: บริษัท แวลู่พลัส รีเทล จำกัด | G1: รถคันที่ : | H1: 1/1
G2: วันที่ :
A3: ใบจัดสินค้า
A4: ลูกค้า | B4: บริษัท ซีพี ออลล์ จำกัด | D4: สถานที่จัดส่ง | F4: BDC.ร่มเกล้า
A5: IV | D5: วันที่ส่ง | J5: คำวนตะกร้า
J6: ตะกร้าเต็ม | L6: ตะกร้าเศษ
A7: ลำดับ | B7: ชื่อสินค้า | C7: บรรจุ | D7: จำนวน | E7: หน่วย | F7: MFD | G7: BBF/EXP | H7: อายุคงเหลือ (วัน) | J7: ใบ | K7: ชิ้น | L7: ใบ | M7: ชิ้น | N7: เกณฑ์ | O7: คงเหลือวันที่ส่งได้
A8: 1 | B8: NEWยูมิยูมิ มิลค์เค้ก 55กรัม | C8: =SUMIF(Data!E:E,B8,Data!F:F) -> 42 | E8: ชิ้น | H8: =+G8-$D$6 -> 0 | J8: =ROUNDDOWN((D8/C8),0) -> 0 | K8: =SUMIF(Data!E:E,'มหาชัย(2)'!B8,Data!F:F)*J8 -> 0 | L8: =ROUNDUP((M8/C8),0) -> 0 | M8: =D8-K8 -> 0 | N8: =INDEX(Data!C:C,MATCH(F4,Data!B:B,0)) -> 60 | O8: =H8-N8 -> -60
A9: 2 | B9: ใหม่ !! ยูมิยูมิ เค้กไข่ชีส 78กรัม | C9: =SUMIF(Data!E:E,B9,Data!F:F) -> 36 | E9: ชิ้น | H9: =+G9-$D$6 -> 0 | J9: =ROUNDDOWN((D9/C9),0) -> 0 | K9: =SUMIF(Data!E:E,'มหาชัย(2)'!B9,Data!F:F)*J9 -> 0 | L9: =ROUNDUP((M9/C9),0) -> 0 | M9: =D9-K9 -> 0 | N9: =INDEX(Data!C:C,MATCH(F5,Data!B:B,0)) -> #N/A | O9: =H9-N9 -> #N/A
A10: 3 | B10: ยูมิยูมิ เค้กอัลมอนด์ 75กรัม | C10: =SUMIF(Data!E:E,B10,Data!F:F) -> 42 | E10: ชิ้น | H10: =+G10-$D$6 -> 0 | J10: =ROUNDDOWN((D10/C10),0) -> 0 | K10: =SUMIF(Data!E:E,'มหาชัย(2)'!B10,Data!F:F)*J10 -> 0 | L10: =ROUNDUP((M10/C10),0) -> 0 | M10: =D10-K10 -> 0 | N10: =INDEX(Data!C:C,MATCH(F6,Data!B:B,0)) -> #N/A | O10: =H10-N10 -> #N/A
A11: 4 | B11: ยูมิยูมิ โรลช็อกโกแลตเค้ก 55กรัม | C11: =SUMIF(Data!E:E,B11,Data!F:F) -> 50 | E11: ชิ้น | H11: =+G11-$D$6 -> 0 | J11: =ROUNDDOWN((D11/C11),0) -> 0 | K11: =SUMIF(Data!E:E,'มหาชัย(2)'!B11,Data!F:F)*J11 -> 0 | L11: =ROUNDUP((M11/C11),0) -> 0 | M11: =D11-K11 -> 0 | N11: =INDEX(Data!C:C,MATCH(F7,Data!B:B,0)) -> #N/A | O11: =H11-N11 -> #N/A
A12: 5 | B12: ยูมิยูมิ มินิครีมเค้ก 40กรัม | C12: =SUMIF(Data!E:E,B12,Data!F:F) -> 81 | E12: ชิ้น | H12: =+G12-$D$6 -> 0 | J12: =ROUNDDOWN((D12/C12),0) -> 0 | K12: =SUMIF(Data!E:E,'มหาชัย(2)'!B12,Data!F:F)*J12 -> 0 | L12: =ROUNDUP((M12/C12),0) -> 0 | M12: =D12-K12 -> 0 | N12: =INDEX(Data!C:C,MATCH(F8,Data!B:B,0)) -> #N/A | O12: =H12-N12 -> #N/A
A13: 6 | B13: ยูมิยูมิ เค้กครีมสลัดไก่หยอง 75กรัม | C13: =SUMIF(Data!E:E,B13,Data!F:F) -> 42 | E13: ชิ้น | H13: =+G13-$D$6 -> 0 | J13: =ROUNDDOWN((D13/C13),0) -> 0 | K13: =SUMIF(Data!E:E,'มหาชัย(2)'!B13,Data!F:F)*J13 -> 0 | L13: =ROUNDUP((M13/C13),0) -> 0 | M13: =D13-K13 -> 0 | N13: =INDEX(Data!C:C,MATCH(F9,Data!B:B,0)) -> #N/A | O13: =H13-N13 -> #N/A
A14: 7 | B14: ยูมิยูมิ ชิสึเค้ก 70กรัม | C14: =SUMIF(Data!E:E,B14,Data!F:F) -> 32 | E14: ชิ้น | H14: =+G14-$D$6 -> 0 | J14: =ROUNDDOWN((D14/C14),0) -> 0 | K14: =SUMIF(Data!E:E,'มหาชัย(2)'!B14,Data!F:F)*J14 -> 0 | L14: =ROUNDUP((M14/C14),0) -> 0 | M14: =D14-K14 -> 0 | N14: =INDEX(Data!C:C,MATCH(F10,Data!B:B,0)) -> #N/A | O14: =H14-N14 -> #N/A
A15: 8 | B15: ยูมิยูมิ บลูเบอร์รี่เค้ก 52กรัม | C15: =SUMIF(Data!E:E,B15,Data!F:F) -> 70 | E15: ชิ้น | H15: =+G15-$D$6 -> 0 | J15: =ROUNDDOWN((D15/C15),0) -> 0 | K15: =SUMIF(Data!E:E,'มหาชัย(2)'!B15,Data!F:F)*J15 -> 0 | L15: =ROUNDUP((M15/C15),0) -> 0 | M15: =D15-K15 -> 0 | N15: =INDEX(Data!C:C,MATCH(F11,Data!B:B,0)) -> #N/A | O15: =H15-N15 -> #N/A
A16: 9 | B16: ยูมิยูมิ เค้กสาหร่ายไก่หยอง 75กรัม | C16: =SUMIF(Data!E:E,B16,Data!F:F) -> 45 | E16: ชิ้น | H16: =+G16-$D$6 -> 0 | J16: =ROUNDDOWN((D16/C16),0) -> 0 | K16: =SUMIF(Data!E:E,'มหาชัย(2)'!B16,Data!F:F)*J16 -> 0 | L16: =ROUNDUP((M16/C16),0) -> 0 | M16: =D16-K16 -> 0 | N16: =INDEX(Data!C:C,MATCH(F12,Data!B:B,0)) -> #N/A | O16: =H16-N16 -> #N/A
A17: 10 | B17: ยูมิยูมิ เค้กช็อกโกแลตเฮเซลนัท 75กรัม | C17: =SUMIF(Data!E:E,B17,Data!F:F) -> 48 | E17: ชิ้น | H17: =+G17-$D$6 -> 0 | J17: =ROUNDDOWN((D17/C17),0) -> 0 | K17: =SUMIF(Data!E:E,'มหาชัย(2)'!B17,Data!F:F)*J17 -> 0 | L17: =ROUNDUP((M17/C17),0) -> 0 | M17: =D17-K17 -> 0 | N17: =INDEX(Data!C:C,MATCH(F13,Data!B:B,0)) -> #N/A | O17: =H17-N17 -> #N/A
A18: 11 | B18: ยูมิยูมิ ชิฟฟอนชีสเค้ก 75กรัม | C18: =SUMIF(Data!E:E,B18,Data!F:F) -> 48 | E18: ชิ้น | H18: =+G18-$D$6 -> 0 | J18: =ROUNDDOWN((D18/C18),0) -> 0 | K18: =SUMIF(Data!E:E,'มหาชัย(2)'!B18,Data!F:F)*J18 -> 0 | L18: =ROUNDUP((M18/C18),0) -> 0 | M18: =D18-K18 -> 0 | N18: =INDEX(Data!C:C,MATCH(F14,Data!B:B,0)) -> #N/A | O18: =H18-N18 -> #N/A
A19: 12 | B19: วาฟเฟิลครีมโคโคนัทมิลค์ 62กรัม | C19: =SUMIF(Data!E:E,B19,Data!F:F) -> 60 | E19: ชิ้น | H19: =+G19-$D$6 -> 0 | J19: =ROUNDDOWN((D19/C19),0) -> 0 | K19: =SUMIF(Data!E:E,'มหาชัย(2)'!B19,Data!F:F)*J19 -> 0 | L19: =ROUNDUP((M19/C19),0) -> 0 | M19: =D19-K19 -> 0 | N19: =INDEX(Data!C:C,MATCH(F15,Data!B:B,0)) -> #N/A | O19: =H19-N19 -> #N/A
... A26: 19 | B26: ยูมิยูมิ มินิเค้กไส้ครีมกล้วยหอม 40กรัม | C26: =SUMIF(Data!E:E,B26,Data!F:F) -> 81 | E26: ชิ้น | H26: =+G26-$D$6 -> 0 | J26: =ROUNDDOWN((D26/C26),0) -> 0 | K26: =SUMIF(Data!E:E,'มหาชัย(2)'!B26,Data!F:F)*J26 -> 0 | L26: =ROUNDUP((M26/C26),0) -> 0 | M26: =D26-K26 -> 0 | N26: =INDEX(Data!C:C,MATCH(F22,Data!B:B,0)) -> #N/A | O26: =H26-N26 -> #N/A
A27: ยอดรวมสินค้า | J27: ตะกร้าเต็ม | K27: ตะกร้าเศษ | L27: รวมตะกร้า
J28: =SUM($J$8:$J$26) -> 0 | K28: =SUM($L$8:$L$26) -> 0 | L28: =SUM(J28:K28) -> 0
B30: ผู้รับผิดชอบ.......................................... ผู้ตรวจ (เช็คเกอร์)....................................... | G30: พนักงานขนส่ง..........................................
B31: วันที่จัดเสร็จ.......................................... วันที่จัดเสร็จ................................................ | G31: ทะเบียนขนส่ง.............................................
B32: เวลาที่จัดเสร็จ......................................... เวลาที่จัดเสร็จ............................................ | G32: เลขซีล/สี.....................................................

Sheet ร่มเกล้า(1)
A1: บริษัท แวลู่พลัส รีเทล จำกัด | G1: รถคันที่ : | H1: 1/1
G2: วันที่ :
A3: ใบจัดสินค้า
A4: ลูกค้า | B4: บริษัท ซีพี ออลล์ จำกัด | D4: สถานที่จัดส่ง | F4: BDC.ร่มเกล้า
A5: IV | D5: วันที่ส่ง | J5: คำวนตะกร้า
J6: ตะกร้าเต็ม | L6: ตะกร้าเศษ
A7: ลำดับ | B7: ชื่อสินค้า | C7: บรรจุ | D7: จำนวน | E7: หน่วย | F7: MFD | G7: BBF/EXP | H7: อายุคงเหลือ (วัน) | J7: ใบ | K7: ชิ้น | L7: ใบ | M7: ชิ้น | N7: เกณฑ์ | O7: คงเหลือวันที่ส่งได้
A8: 1 | B8: NEWยูมิยูมิ มิลค์เค้ก 55กรัม | C8: =SUMIF(Data!E:E,B8,Data!F:F) -> 42 | E8: ชิ้น | H8: =+G8-$D$6 -> 0 | J8: =ROUNDDOWN((D8/C8),0) -> 0 | K8: =SUMIF(Data!E:E,'มหาชัย(2)'!B8,Data!F:F)*J8 -> 0 | L8: =ROUNDUP((M8/C8),0) -> 0 | M8: =D8-K8 -> 0 | N8: =INDEX(Data!C:C,MATCH(F4,Data!B:B,0)) -> 60 | O8: =H8-N8 -> -60
A9: 2 | B9: ใหม่ !! ยูมิยูมิ เค้กไข่ชีส 78กรัม | C9: =SUMIF(Data!E:E,B9,Data!F:F) -> 36 | E9: ชิ้น | H9: =+G9-$D$6 -> 0 | J9: =ROUNDDOWN((D9/C9),0) -> 0 | K9: =SUMIF(Data!E:E,'มหาชัย(2)'!B9,Data!F:F)*J9 -> 0 | L9: =ROUNDUP((M9/C9),0) -> 0 | M9: =D9-K9 -> 0 | N9: =INDEX(Data!C:C,MATCH(F5,Data!B:B,0)) -> #N/A | O9: =H9-N9 -> #N/A
A10: 3 | B10: ยูมิยูมิ เค้กอัลมอนด์ 75กรัม | C10: =SUMIF(Data!E:E,B10,Data!F:F) -> 42 | E10: ชิ้น | H10: =+G10-$D$6 -> 0 | J10: =ROUNDDOWN((D10/C10),0) -> 0 | K10: =SUMIF(Data!E:E,'มหาชัย(2)'!B10,Data!F:F)*J10 -> 0 | L10: =ROUNDUP((M10/C10),0) -> 0 | M10: =D10-K10 -> 0 | N10: =INDEX(Data!C:C,MATCH(F6,Data!B:B,0)) -> #N/A | O10: =H10-N10 -> #N/A
A11: 4 | B11: ยูมิยูมิ โรลช็อกโกแลตเค้ก 55กรัม | C11: =SUMIF(Data!E:E,B11,Data!F:F) -> 50 | E11: ชิ้น | H11: =+G11-$D$6 -> 0 | J11: =ROUNDDOWN((D11/C11),0) -> 0 | K11: =SUMIF(Data!E:E,'มหาชัย(2)'!B11,Data!F:F)*J11 -> 0 | L11: =ROUNDUP((M11/C11),0) -> 0 | M11: =D11-K11 -> 0 | N11: =INDEX(Data!C:C,MATCH(F7,Data!B:B,0)) -> #N/A | O11: =H11-N11 -> #N/A
A12: 5 | B12: ยูมิยูมิ มินิครีมเค้ก 40กรัม | C12: =SUMIF(Data!E:E,B12,Data!F:F) -> 81 | E12: ชิ้น | H12: =+G12-$D$6 -> 0 | J12: =ROUNDDOWN((D12/C12),0) -> 0 | K12: =SUMIF(Data!E:E,'มหาชัย(2)'!B12,Data!F:F)*J12 -> 0 | L12: =ROUNDUP((M12/C12),0) -> 0 | M12: =D12-K12 -> 0 | N12: =INDEX(Data!C:C,MATCH(F8,Data!B:B,0)) -> #N/A | O12: =H12-N12 -> #N/A
A13: 6 | B13: ยูมิยูมิ เค้กครีมสลัดไก่หยอง 75กรัม | C13: =SUMIF(Data!E:E,B13,Data!F:F) -> 42 | E13: ชิ้น | H13: =+G13-$D$6 -> 0 | J13: =ROUNDDOWN((D13/C13),0) -> 0 | K13: =SUMIF(Data!E:E,'มหาชัย(2)'!B13,Data!F:F)*J13 -> 0 | L13: =ROUNDUP((M13/C13),0) -> 0 | M13: =D13-K13 -> 0 | N13: =INDEX(Data!C:C,MATCH(F9,Data!B:B,0)) -> #N/A | O13: =H13-N13 -> #N/A
A14: 7 | B14: ยูมิยูมิ ชิสึเค้ก 70กรัม | C14: =SUMIF(Data!E:E,B14,Data!F:F) -> 32 | E14: ชิ้น | H14: =+G14-$D$6 -> 0 | J14: =ROUNDDOWN((D14/C14),0) -> 0 | K14: =SUMIF(Data!E:E,'มหาชัย(2)'!B14,Data!F:F)*J14 -> 0 | L14: =ROUNDUP((M14/C14),0) -> 0 | M14: =D14-K14 -> 0 | N14: =INDEX(Data!C:C,MATCH(F10,Data!B:B,0)) -> #N/A | O14: =H14-N14 -> #N/A
A15: 8 | B15: ยูมิยูมิ บลูเบอร์รี่เค้ก 52กรัม | C15: =SUMIF(Data!E:E,B15,Data!F:F) -> 70 | E15: ชิ้น | H15: =+G15-$D$6 -> 0 | J15: =ROUNDDOWN((D15/C15),0) -> 0 | K15: =SUMIF(Data!E:E,'มหาชัย(2)'!B15,Data!F:F)*J15 -> 0 | L15: =ROUNDUP((M15/C15),0) -> 0 | M15: =D15-K15 -> 0 | N15: =INDEX(Data!C:C,MATCH(F11,Data!B:B,0)) -> #N/A | O15: =H15-N15 -> #N/A
A16: 9 | B16: ยูมิยูมิ เค้กสาหร่ายไก่หยอง 75กรัม | C16: =SUMIF(Data!E:E,B16,Data!F:F) -> 45 | E16: ชิ้น | H16: =+G16-$D$6 -> 0 | J16: =ROUNDDOWN((D16/C16),0) -> 0 | K16: =SUMIF(Data!E:E,'มหาชัย(2)'!B16,Data!F:F)*J16 -> 0 | L16: =ROUNDUP((M16/C16),0) -> 0 | M16: =D16-K16 -> 0 | N16: =INDEX(Data!C:C,MATCH(F12,Data!B:B,0)) -> #N/A | O16: =H16-N16 -> #N/A
A17: 10 | B17: ยูมิยูมิ เค้กช็อกโกแลตเฮเซลนัท 75กรัม | C17: =SUMIF(Data!E:E,B17,Data!F:F) -> 48 | E17: ชิ้น | H17: =+G17-$D$6 -> 0 | J17: =ROUNDDOWN((D17/C17),0) -> 0 | K17: =SUMIF(Data!E:E,'มหาชัย(2)'!B17,Data!F:F)*J17 -> 0 | L17: =ROUNDUP((M17/C17),0) -> 0 | M17: =D17-K17 -> 0 | N17: =INDEX(Data!C:C,MATCH(F13,Data!B:B,0)) -> #N/A | O17: =H17-N17 -> #N/A
A18: 11 | B18: ยูมิยูมิ ชิฟฟอนชีสเค้ก 75กรัม | C18: =SUMIF(Data!E:E,B18,Data!F:F) -> 48 | E18: ชิ้น | H18: =+G18-$D$6 -> 0 | J18: =ROUNDDOWN((D18/C18),0) -> 0 | K18: =SUMIF(Data!E:E,'มหาชัย(2)'!B18,Data!F:F)*J18 -> 0 | L18: =ROUNDUP((M18/C18),0) -> 0 | M18: =D18-K18 -> 0 | N18: =INDEX(Data!C:C,MATCH(F14,Data!B:B,0)) -> #N/A | O18: =H18-N18 -> #N/A
A19: 12 | B19: วาฟเฟิลครีมโคโคนัทมิลค์ 62กรัม | C19: =SUMIF(Data!E:E,B19,Data!F:F) -> 60 | E19: ชิ้น | H19: =+G19-$D$6 -> 0 | J19: =ROUNDDOWN((D19/C19),0) -> 0 | K19: =SUMIF(Data!E:E,'มหาชัย(2)'!B19,Data!F:F)*J19 -> 0 | L19: =ROUNDUP((M19/C19),0) -> 0 | M19: =D19-K19 -> 0 | N19: =INDEX(Data!C:C,MATCH(F15,Data!B:B,0)) -> #N/A | O19: =H19-N19 -> #N/A
... A26: 19 | B26: ยูมิยูมิ มินิเค้กไส้ครีมกล้วยหอม 40กรัม | C26: =SUMIF(Data!E:E,B26,Data!F:F) -> 81 | E26: ชิ้น | H26: =+G26-$D$6 -> 0 | J26: =ROUNDDOWN((D26/C26),0) -> 0 | K26: =SUMIF(Data!E:E,'มหาชัย(2)'!B26,Data!F:F)*J26 -> 0 | L26: =ROUNDUP((M26/C26),0) -> 0 | M26: =D26-K26 -> 0 | N26: =INDEX(Data!C:C,MATCH(F22,Data!B:B,0)) -> #N/A | O26: =H26-N26 -> #N/A
A27: ยอดรวมสินค้า | J27: ตะกร้าเต็ม | K27: ตะกร้าเศษ | L27: รวมตะกร้า
J28: =SUM($J$8:$J$26) -> 0 | K28: =SUM($L$8:$L$26) -> 0 | L28: =SUM(J28:K28) -> 0
B30: ผู้รับผิดชอบ.......................................... ผู้ตรวจ (เช็คเกอร์)....................................... | G30: พนักงานขนส่ง..........................................
B31: วันที่จัดเสร็จ.......................................... วันที่จัดเสร็จ................................................ | G31: ทะเบียนขนส่ง.............................................
B32: เวลาที่จัดเสร็จ......................................... เวลาที่จัดเสร็จ............................................ | G32: เลขซีล/สี.....................................................

Sheet มหาชัย(3)
A1: บริษัท แวลู่พลัส รีเทล จำกัด | G1: รถคันที่ : | H1: 1/1
G2: วันที่ :
A3: ใบจัดสินค้า
A4: ลูกค้า | B4: บริษัท ซีพี ออลล์ จำกัด | D4: สถานที่จัดส่ง | F4: BDC.มหาชัย
A5: IV | D5: วันที่ส่ง | J5: คำวนตะกร้า
J6: ตะกร้าเต็ม | L6: ตะกร้าเศษ
A7: ลำดับ | B7: ชื่อสินค้า | C7: บรรจุ | D7: จำนวน | E7: หน่วย | F7: MFD | G7: BBF/EXP | H7: อายุคงเหลือ (วัน) | J7: ใบ | K7: ชิ้น | L7: ใบ | M7: ชิ้น | N7: เกณฑ์ | O7: คงเหลือวันที่ส่งได้
A8: 1 | B8: NEWยูมิยูมิ มิลค์เค้ก 55กรัม | C8: =SUMIF(Data!E:E,B8,Data!F:F) -> 42 | E8: ชิ้น | H8: =+G8-$D$6 -> 0 | J8: =ROUNDDOWN((D8/C8),0) -> 0 | K8: =SUMIF(Data!E:E,'มหาชัย(2)'!B8,Data!F:F)*J8 -> 0 | L8: =ROUNDUP((M8/C8),0) -> 0 | M8: =D8-K8 -> 0 | N8: =INDEX(Data!C:C,MATCH(F4,Data!B:B,0)) -> 60 | O8: =H8-N8 -> -60
A9: 2 | B9: ใหม่ !! ยูมิยูมิ เค้กไข่ชีส 78กรัม | C9: =SUMIF(Data!E:E,B9,Data!F:F) -> 36 | E9: ชิ้น | H9: =+G9-$D$6 -> 0 | J9: =ROUNDDOWN((D9/C9),0) -> 0 | K9: =SUMIF(Data!E:E,'มหาชัย(2)'!B9,Data!F:F)*J9 -> 0 | L9: =ROUNDUP((M9/C9),0) -> 0 | M9: =D9-K9 -> 0 | N9: =INDEX(Data!C:C,MATCH(F5,Data!B:B,0)) -> #N/A | O9: =H9-N9 -> #N/A
A10: 3 | B10: ยูมิยูมิ เค้กอัลมอนด์ 75กรัม | C10: =SUMIF(Data!E:E,B10,Data!F:F) -> 42 | E10: ชิ้น | H10: =+G10-$D$6 -> 0 | J10: =ROUNDDOWN((D10/C10),0) -> 0 | K10: =SUMIF(Data!E:E,'มหาชัย(2)'!B10,Data!F:F)*J10 -> 0 | L10: =ROUNDUP((M10/C10),0) -> 0 | M10: =D10-K10 -> 0 | N10: =INDEX(Data!C:C,MATCH(F6,Data!B:B,0)) -> #N/A | O10: =H10-N10 -> #N/A
A11: 4 | B11: ยูมิยูมิ โรลช็อกโกแลตเค้ก 55กรัม | C11: =SUMIF(Data!E:E,B11,Data!F:F) -> 50 | E11: ชิ้น | H11: =+G11-$D$6 -> 0 | J11: =ROUNDDOWN((D11/C11),0) -> 0 | K11: =SUMIF(Data!E:E,'มหาชัย(2)'!B11,Data!F:F)*J11 -> 0 | L11: =ROUNDUP((M11/C11),0) -> 0 | M11: =D11-K11 -> 0 | N11: =INDEX(Data!C:C,MATCH(F7,Data!B:B,0)) -> #N/A | O11: =H11-N11 -> #N/A
A12: 5 | B12: ยูมิยูมิ มินิครีมเค้ก 40กรัม | C12: =SUMIF(Data!E:E,B12,Data!F:F) -> 81 | E12: ชิ้น | H12: =+G12-$D$6 -> 0 | J12: =ROUNDDOWN((D12/C12),0) -> 0 | K12: =SUMIF(Data!E:E,'มหาชัย(2)'!B12,Data!F:F)*J12 -> 0 | L12: =ROUNDUP((M12/C12),0) -> 0 | M12: =D12-K12 -> 0 | N12: =INDEX(Data!C:C,MATCH(F8,Data!B:B,0)) -> #N/A | O12: =H12-N12 -> #N/A
A13: 6 | B13: ยูมิยูมิ เค้กครีมสลัดไก่หยอง 75กรัม | C13: =SUMIF(Data!E:E,B13,Data!F:F) -> 42 | E13: ชิ้น | H13: =+G13-$D$6 -> 0 | J13: =ROUNDDOWN((D13/C13),0) -> 0 | K13: =SUMIF(Data!E:E,'มหาชัย(2)'!B13,Data!F:F)*J13 -> 0 | L13: =ROUNDUP((M13/C13),0) -> 0 | M13: =D13-K13 -> 0 | N13: =INDEX(Data!C:C,MATCH(F9,Data!B:B,0)) -> #N/A | O13: =H13-N13 -> #N/A
A14: 7 | B14: ยูมิยูมิ ชิสึเค้ก 70กรัม | C14: =SUMIF(Data!E:E,B14,Data!F:F) -> 32 | E14: ชิ้น | H14: =+G14-$D$6 -> 0 | J14: =ROUNDDOWN((D14/C14),0) -> 0 | K14: =SUMIF(Data!E:E,'มหาชัย(2)'!B14,Data!F:F)*J14 -> 0 | L14: =ROUNDUP((M14/C14),0) -> 0 | M14: =D14-K14 -> 0 | N14: =INDEX(Data!C:C,MATCH(F10,Data!B:B,0)) -> #N/A | O14: =H14-N14 -> #N/A
A15: 8 | B15: ยูมิยูมิ บลูเบอร์รี่เค้ก 52กรัม | C15: =SUMIF(Data!E:E,B15,Data!F:F) -> 70 | E15: ชิ้น | H15: =+G15-$D$6 -> 0 | J15: =ROUNDDOWN((D15/C15),0) -> 0 | K15: =SUMIF(Data!E:E,'มหาชัย(2)'!B15,Data!F:F)*J15 -> 0 | L15: =ROUNDUP((M15/C15),0) -> 0 | M15: =D15-K15 -> 0 | N15: =INDEX(Data!C:C,MATCH(F11,Data!B:B,0)) -> #N/A | O15: =H15-N15 -> #N/A
A16: 9 | B16: ยูมิยูมิ เค้กสาหร่ายไก่หยอง 75กรัม | C16: =SUMIF(Data!E:E,B16,Data!F:F) -> 45 | E16: ชิ้น | H16: =+G16-$D$6 -> 0 | J16: =ROUNDDOWN((D16/C16),0) -> 0 | K16: =SUMIF(Data!E:E,'มหาชัย(2)'!B16,Data!F:F)*J16 -> 0 | L16: =ROUNDUP((M16/C16),0) -> 0 | M16: =D16-K16 -> 0 | N16: =INDEX(Data!C:C,MATCH(F12,Data!B:B,0)) -> #N/A | O16: =H16-N16 -> #N/A
A17: 10 | B17: ยูมิยูมิ เค้กช็อกโกแลตเฮเซลนัท 75กรัม | C17: =SUMIF(Data!E:E,B17,Data!F:F) -> 48 | E17: ชิ้น | H17: =+G17-$D$6 -> 0 | J17: =ROUNDDOWN((D17/C17),0) -> 0 | K17: =SUMIF(Data!E:E,'มหาชัย(2)'!B17,Data!F:F)*J17 -> 0 | L17: =ROUNDUP((M17/C17),0) -> 0 | M17: =D17-K17 -> 0 | N17: =INDEX(Data!C:C,MATCH(F13,Data!B:B,0)) -> #N/A | O17: =H17-N17 -> #N/A
A18: 11 | B18: ยูมิยูมิ ชิฟฟอนชีสเค้ก 75กรัม | C18: =SUMIF(Data!E:E,B18,Data!F:F) -> 48 | E18: ชิ้น | H18: =+G18-$D$6 -> 0 | J18: =ROUNDDOWN((D18/C18),0) -> 0 | K18: =SUMIF(Data!E:E,'มหาชัย(2)'!B18,Data!F:F)*J18 -> 0 | L18: =ROUNDUP((M18/C18),0) -> 0 | M18: =D18-K18 -> 0 | N18: =INDEX(Data!C:C,MATCH(F14,Data!B:B,0)) -> #N/A | O18: =H18-N18 -> #N/A
A19: 12 | B19: วาฟเฟิลครีมโคโคนัทมิลค์ 62กรัม | C19: =SUMIF(Data!E:E,B19,Data!F:F) -> 60 | E19: ชิ้น | H19: =+G19-$D$6 -> 0 | J19: =ROUNDDOWN((D19/C19),0) -> 0 | K19: =SUMIF(Data!E:E,'มหาชัย(2)'!B19,Data!F:F)*J19 -> 0 | L19: =ROUNDUP((M19/C19),0) -> 0 | M19: =D19-K19 -> 0 | N19: =INDEX(Data!C:C,MATCH(F15,Data!B:B,0)) -> #N/A | O19: =H19-N19 -> #N/A
... A26: 19 | B26: ยูมิยูมิ มินิเค้กไส้ครีมกล้วยหอม 40กรัม | C26: =SUMIF(Data!E:E,B26,Data!F:F) -> 81 | E26: ชิ้น | H26: =+G26-$D$6 -> 0 | J26: =ROUNDDOWN((D26/C26),0) -> 0 | K26: =SUMIF(Data!E:E,'มหาชัย(2)'!B26,Data!F:F)*J26 -> 0 | L26: =ROUNDUP((M26/C26),0) -> 0 | M26: =D26-K26 -> 0 | N26: =INDEX(Data!C:C,MATCH(F22,Data!B:B,0)) -> #N/A | O26: =H26-N26 -> #N/A
A27: ยอดรวมสินค้า | J27: ตะกร้าเต็ม | K27: ตะกร้าเศษ | L27: รวมตะกร้า
J28: =SUM($J$8:$J$26) -> 0 | K28: =SUM($L$8:$L$26) -> 0 | L28: =SUM(J28:K28) -> 0
B30: ผู้รับผิดชอบ.......................................... ผู้ตรวจ (เช็คเกอร์)....................................... | G30: พนักงานขนส่ง..........................................
B31: วันที่จัดเสร็จ.......................................... วันที่จัดเสร็จ................................................ | G31: ทะเบียนขนส่ง.............................................
B32: เวลาที่จัดเสร็จ......................................... เวลาที่จัดเสร็จ............................................ | G32: เลขซีล/สี.....................................................

Sheet มหาชัย(2)
A1: บริษัท แวลู่พลัส รีเทล จำกัด | G1: รถคันที่ : | H1: 1/1
G2: วันที่ :
A3: ใบจัดสินค้า
A4: ลูกค้า | B4: บริษัท ซีพี ออลล์ จำกัด | D4: สถานที่จัดส่ง | F4: BDC.มหาชัย
A5: IV | D5: วันที่ส่ง | J5: คำวนตะกร้า
J6: ตะกร้าเต็ม | L6: ตะกร้าเศษ
A7: ลำดับ | B7: ชื่อสินค้า | C7: บรรจุ | D7: จำนวน | E7: หน่วย | F7: MFD | G7: BBF/EXP | H7: อายุคงเหลือ (วัน) | J7: ใบ | K7: ชิ้น | L7: ใบ | M7: ชิ้น | N7: เกณฑ์ | O7: คงเหลือวันที่ส่งได้
A8: 1 | B8: NEWยูมิยูมิ มิลค์เค้ก 55กรัม | C8: =SUMIF(Data!E:E,B8,Data!F:F) -> 42 | E8: ชิ้น | H8: =+G8-$D$6 -> 0 | J8: =ROUNDDOWN((D8/C8),0) -> 0 | K8: =SUMIF(Data!E:E,'มหาชัย(2)'!B8,Data!F:F)*J8 -> 0 | L8: =ROUNDUP((M8/C8),0) -> 0 | M8: =D8-K8 -> 0 | N8: =INDEX(Data!C:C,MATCH(F4,Data!B:B,0)) -> 60 | O8: =H8-N8 -> -60
A9: 2 | B9: ใหม่ !! ยูมิยูมิ เค้กไข่ชีส 78กรัม | C9: =SUMIF(Data!E:E,B9,Data!F:F) -> 36 | E9: ชิ้น | H9: =+G9-$D$6 -> 0 | J9: =ROUNDDOWN((D9/C9),0) -> 0 | K9: =SUMIF(Data!E:E,'มหาชัย(2)'!B9,Data!F:F)*J9 -> 0 | L9: =ROUNDUP((M9/C9),0) -> 0 | M9: =D9-K9 -> 0 | N9: =INDEX(Data!C:C,MATCH(F5,Data!B:B,0)) -> #N/A | O9: =H9-N9 -> #N/A
A10: 3 | B10: ยูมิยูมิ เค้กอัลมอนด์ 75กรัม | C10: =SUMIF(Data!E:E,B10,Data!F:F) -> 42 | E10: ชิ้น | H10: =+G10-$D$6 -> 0 | J10: =ROUNDDOWN((D10/C10),0) -> 0 | K10: =SUMIF(Data!E:E,'มหาชัย(2)'!B10,Data!F:F)*J10 -> 0 | L10: =ROUNDUP((M10/C10),0) -> 0 | M10: =D10-K10 -> 0 | N10: =INDEX(Data!C:C,MATCH(F6,Data!B:B,0)) -> #N/A | O10: =H10-N10 -> #N/A
A11: 4 | B11: ยูมิยูมิ โรลช็อกโกแลตเค้ก 55กรัม | C11: =SUMIF(Data!E:E,B11,Data!F:F) -> 50 | E11: ชิ้น | H11: =+G11-$D$6 -> 0 | J11: =ROUNDDOWN((D11/C11),0) -> 0 | K11: =SUMIF(Data!E:E,'มหาชัย(2)'!B11,Data!F:F)*J11 -> 0 | L11: =ROUNDUP((M11/C11),0) -> 0 | M11: =D11-K11 -> 0 | N11: =INDEX(Data!C:C,MATCH(F7,Data!B:B,0)) -> #N/A | O11: =H11-N11 -> #N/A
A12: 5 | B12: ยูมิยูมิ มินิครีมเค้ก 40กรัม | C12: =SUMIF(Data!E:E,B12,Data!F:F) -> 81 | E12: ชิ้น | H12: =+G12-$D$6 -> 0 | J12: =ROUNDDOWN((D12/C12),0) -> 0 | K12: =SUMIF(Data!E:E,'มหาชัย(2)'!B12,Data!F:F)*J12 -> 0 | L12: =ROUNDUP((M12/C12),0) -> 0 | M12: =D12-K12 -> 0 | N12: =INDEX(Data!C:C,MATCH(F8,Data!B:B,0)) -> #N/A | O12: =H12-N12 -> #N/A
A13: 6 | B13: ยูมิยูมิ เค้กครีมสลัดไก่หยอง 75กรัม | C13: =SUMIF(Data!E:E,B13,Data!F:F) -> 42 | E13: ชิ้น | H13: =+G13-$D$6 -> 0 | J13: =ROUNDDOWN((D13/C13),0) -> 0 | K13: =SUMIF(Data!E:E,'มหาชัย(2)'!B13,Data!F:F)*J13 -> 0 | L13: =ROUNDUP((M13/C13),0) -> 0 | M13: =D13-K13 -> 0 | N13: =INDEX(Data!C:C,MATCH(F9,Data!B:B,0)) -> #N/A | O13: =H13-N13 -> #N/A
A14: 7 | B14: ยูมิยูมิ ชิสึเค้ก 70กรัม | C14: =SUMIF(Data!E:E,B14,Data!F:F) -> 32 | E14: ชิ้น | H14: =+G14-$D$6 -> 0 | J14: =ROUNDDOWN((D14/C14),0) -> 0 | K14: =SUMIF(Data!E:E,'มหาชัย(2)'!B14,Data!F:F)*J14 -> 0 | L14: =ROUNDUP((M14/C14),0) -> 0 | M14: =D14-K14 -> 0 | N14: =INDEX(Data!C:C,MATCH(F10,Data!B:B,0)) -> #N/A | O14: =H14-N14 -> #N/A
A15: 8 | B15: ยูมิยูมิ บลูเบอร์รี่เค้ก 52กรัม | C15: =SUMIF(Data!E:E,B15,Data!F:F) -> 70 | E15: ชิ้น | H15: =+G15-$D$6 -> 0 | J15: =ROUNDDOWN((D15/C15),0) -> 0 | K15: =SUMIF(Data!E:E,'มหาชัย(2)'!B15,Data!F:F)*J15 -> 0 | L15: =ROUNDUP((M15/C15),0) -> 0 | M15: =D15-K15 -> 0 | N15: =INDEX(Data!C:C,MATCH(F11,Data!B:B,0)) -> #N/A | O15: =H15-N15 -> #N/A
A16: 9 | B16: ยูมิยูมิ เค้กสาหร่ายไก่หยอง 75กรัม | C16: =SUMIF(Data!E:E,B16,Data!F:F) -> 45 | E16: ชิ้น | H16: =+G16-$D$6 -> 0 | J16: =ROUNDDOWN((D16/C16),0) -> 0 | K16: =SUMIF(Data!E:E,'มหาชัย(2)'!B16,Data!F:F)*J16 -> 0 | L16: =ROUNDUP((M16/C16),0) -> 0 | M16: =D16-K16 -> 0 | N16: =INDEX(Data!C:C,MATCH(F12,Data!B:B,0)) -> #N/A | O16: =H16-N16 -> #N/A
A17: 10 | B17: ยูมิยูมิ เค้กช็อกโกแลตเฮเซลนัท 75กรัม | C17: =SUMIF(Data!E:E,B17,Data!F:F) -> 48 | E17: ชิ้น | H17: =+G17-$D$6 -> 0 | J17: =ROUNDDOWN((D17/C17),0) -> 0 | K17: =SUMIF(Data!E:E,'มหาชัย(2)'!B17,Data!F:F)*J17 -> 0 | L17: =ROUNDUP((M17/C17),0) -> 0 | M17: =D17-K17 -> 0 | N17: =INDEX(Data!C:C,MATCH(F13,Data!B:B,0)) -> #N/A | O17: =H17-N17 -> #N/A
A18: 11 | B18: ยูมิยูมิ ชิฟฟอนชีสเค้ก 75กรัม | C18: =SUMIF(Data!E:E,B18,Data!F:F) -> 48 | E18: ชิ้น | H18: =+G18-$D$6 -> 0 | J18: =ROUNDDOWN((D18/C18),0) -> 0 | K18: =SUMIF(Data!E:E,'มหาชัย(2)'!B18,Data!F:F)*J18 -> 0 | L18: =ROUNDUP((M18/C18),0) -> 0 | M18: =D18-K18 -> 0 | N18: =INDEX(Data!C:C,MATCH(F14,Data!B:B,0)) -> #N/A | O18: =H18-N18 -> #N/A
A19: 12 | B19: วาฟเฟิลครีมโคโคนัทมิลค์ 62กรัม | C19: =SUMIF(Data!E:E,B19,Data!F:F) -> 60 | E19: ชิ้น | H19: =+G19-$D$6 -> 0 | J19: =ROUNDDOWN((D19/C19),0) -> 0 | K19: =SUMIF(Data!E:E,'มหาชัย(2)'!B19,Data!F:F)*J19 -> 0 | L19: =ROUNDUP((M19/C19),0) -> 0 | M19: =D19-K19 -> 0 | N19: =INDEX(Data!C:C,MATCH(F15,Data!B:B,0)) -> #N/A | O19: =H19-N19 -> #N/A
... A26: 19 | B26: ยูมิยูมิ มินิเค้กไส้ครีมกล้วยหอม 40กรัม | C26: =SUMIF(Data!E:E,B26,Data!F:F) -> 81 | E26: ชิ้น | H26: =+G26-$D$6 -> 0 | J26: =ROUNDDOWN((D26/C26),0) -> 0 | K26: =SUMIF(Data!E:E,'มหาชัย(2)'!B26,Data!F:F)*J26 -> 0 | L26: =ROUNDUP((M26/C26),0) -> 0 | M26: =D26-K26 -> 0 | N26: =INDEX(Data!C:C,MATCH(F22,Data!B:B,0)) -> #N/A | O26: =H26-N26 -> #N/A
A27: ยอดรวมสินค้า | J27: ตะกร้าเต็ม | K27: ตะกร้าเศษ | L27: รวมตะกร้า
J28: =SUM($J$8:$J$26) -> 0 | K28: =SUM($L$8:$L$26) -> 0 | L28: =SUM(J28:K28) -> 0
B30: ผู้รับผิดชอบ.......................................... ผู้ตรวจ (เช็คเกอร์)....................................... | G30: พนักงานขนส่ง..........................................
B31: วันที่จัดเสร็จ.......................................... วันที่จัดเสร็จ................................................ | G31: ทะเบียนขนส่ง.............................................
B32: เวลาที่จัดเสร็จ......................................... เวลาที่จัดเสร็จ............................................ | G32: เลขซีล/สี.....................................................

Sheet มหาชัย(1)
A1: บริษัท แวลู่พลัส รีเทล จำกัด | G1: รถคันที่ : | H1: 1/1
G2: วันที่ :
A3: ใบจัดสินค้า
A4: ลูกค้า | B4: บริษัท ซีพี ออลล์ จำกัด | D4: สถานที่จัดส่ง | F4: BDC.มหาชัย
A5: IV | D5: วันที่ส่ง | J5: คำวนตะกร้า
J6: ตะกร้าเต็ม | L6: ตะกร้าเศษ
A7: ลำดับ | B7: ชื่อสินค้า | C7: บรรจุ | D7: จำนวน | E7: หน่วย | F7: MFD | G7: BBF/EXP | H7: อายุคงเหลือ (วัน) | J7: ใบ | K7: ชิ้น | L7: ใบ | M7: ชิ้น | N7: เกณฑ์ | O7: คงเหลือวันที่ส่งได้ | Q7: รายการ | R7: ยอดสรุปชิ้น | T7: รายการ | U7: ยอดสรุปชิ้น | W7: รายการ | X7: ยอดสรุปชิ้น
A8: 1 | B8: NEWยูมิยูมิ มิลค์เค้ก 55กรัม | C8: =SUMIF(Data!E:E,B8,Data!F:F) -> 42 | E8: ชิ้น | H8: =+G8-$D$6 -> 0 | J8: =ROUNDDOWN((D8/C8),0) -> 0 | K8: =SUMIF(Data!E:E,'มหาชัย(1)'!B8,Data!F:F)*J8 -> 0 | L8: =ROUNDUP((M8/C8),0) -> 0 | M8: =D8-K8 -> 0 | N8: =INDEX(Data!C:C,MATCH(F4,Data!B:B,0)) -> 60 | O8: =H8-N8 -> -60 | Q8: =$B$8 -> NEWยูมิยูมิ มิลค์เค้ก 55กรัม | R8: =SUM('นครสวรรค์(2):มหาชัย(1)'!D8) -> 0 | T8: =$B$8 -> NEWยูมิยูมิ มิลค์เค้ก 55กรัม | U8: =SUM('หาดใหญ่(1):มหาชัย(1)'!D8) -> 0 | W8: =$B$8 -> NEWยูมิยูมิ มิลค์เค้ก 55กรัม | X8: =+R8-U8 -> 0
A9: 2 | B9: ใหม่ !! ยูมิยูมิ เค้กไข่ชีส 78กรัม | C9: =SUMIF(Data!E:E,B9,Data!F:F) -> 36 | E9: ชิ้น | H9: =+G9-$D$6 -> 0 | J9: =ROUNDDOWN((D9/C9),0) -> 0 | K9: =SUMIF(Data!E:E,'มหาชัย(1)'!B9,Data!F:F)*J9 -> 0 | L9: =ROUNDUP((M9/C9),0) -> 0 | M9: =D9-K9 -> 0 | N9: =INDEX(Data!C:C,MATCH(F5,Data!B:B,0)) -> #N/A | O9: =H9-N9 -> #N/A | Q9: =$B$9 -> ใหม่ !! ยูมิยูมิ เค้กไข่ชีส 78กรัม | R9: =SUM('นครสวรรค์(2):มหาชัย(1)'!D9) -> 0 | T9: =$B$9 -> ใหม่ !! ยูมิยูมิ เค้กไข่ชีส 78กรัม | U9: =SUM('หาดใหญ่(1):มหาชัย(1)'!D9) -> 0 | W9: =$B$9 -> ใหม่ !! ยูมิยูมิ เค้กไข่ชีส 78กรัม | X9: =+R9-U9 -> 0
A10: 3 | B10: ยูมิยูมิ เค้กอัลมอนด์ 75กรัม | C10: =SUMIF(Data!E:E,B10,Data!F:F) -> 42 | E10: ชิ้น | H10: =+G10-$D$6 -> 0 | J10: =ROUNDDOWN((D10/C10),0) -> 0 | K10: =SUMIF(Data!E:E,'มหาชัย(1)'!B10,Data!F:F)*J10 -> 0 | L10: =ROUNDUP((M10/C10),0) -> 0 | M10: =D10-K10 -> 0 | N10: =INDEX(Data!C:C,MATCH(F6,Data!B:B,0)) -> #N/A | O10: =H10-N10 -> #N/A | Q10: =$B$10 -> ยูมิยูมิ เค้กอัลมอนด์ 75กรัม | R10: =SUM('นครสวรรค์(2):มหาชัย(1)'!D10) -> 0 | T10: =$B$10 -> ยูมิยูมิ เค้กอัลมอนด์ 75กรัม | U10: =SUM('หาดใหญ่(1):มหาชัย(1)'!D10) -> 0 | W10: =$B$10 -> ยูมิยูมิ เค้กอัลมอนด์ 75กรัม | X10: =+R10-U10 -> 0
A11: 4 | B11: ยูมิยูมิ โรลช็อกโกแลตเค้ก 55กรัม | C11: =SUMIF(Data!E:E,B11,Data!F:F) -> 50 | E11: ชิ้น | H11: =+G11-$D$6 -> 0 | J11: =ROUNDDOWN((D11/C11),0) -> 0 | K11: =SUMIF(Data!E:E,'มหาชัย(1)'!B11,Data!F:F)*J11 -> 0 | L11: =ROUNDUP((M11/C11),0) -> 0 | M11: =D11-K11 -> 0 | N11: =INDEX(Data!C:C,MATCH(F7,Data!B:B,0)) -> #N/A | O11: =H11-N11 -> #N/A | Q11: =$B$11 -> ยูมิยูมิ โรลช็อกโกแลตเค้ก 55กรัม | R11: =SUM('นครสวรรค์(2):มหาชัย(1)'!D11) -> 0 | T11: =$B$11 -> ยูมิยูมิ โรลช็อกโกแลตเค้ก 55กรัม | U11: =SUM('หาดใหญ่(1):มหาชัย(1)'!D11) -> 0 | W11: =$B$11 -> ยูมิยูมิ โรลช็อกโกแลตเค้ก 55กรัม | X11: =+R11-U11 -> 0
A12: 5 | B12: ยูมิยูมิ มินิครีมเค้ก 40กรัม | C12: =SUMIF(Data!E:E,B12,Data!F:F) -> 81 | E12: ชิ้น | H12: =+G12-$D$6 -> 0 | J12: =ROUNDDOWN((D12/C12),0) -> 0 | K12: =SUMIF(Data!E:E,'มหาชัย(1)'!B12,Data!F:F)*J12 -> 0 | L12: =ROUNDUP((M12/C12),0) -> 0 | M12: =D12-K12 -> 0 | N12: =INDEX(Data!C:C,MATCH(F8,Data!B:B,0)) -> #N/A | O12: =H12-N12 -> #N/A | Q12: =$B$12 -> ยูมิยูมิ มินิครีมเค้ก 40กรัม | R12: =SUM('นครสวรรค์(2):มหาชัย(1)'!D12) -> 0 | T12: =$B$12 -> ยูมิยูมิ มินิครีมเค้ก 40กรัม | U12: =SUM('หาดใหญ่(1):มหาชัย(1)'!D12) -> 0 | W12: =$B$12 -> ยูมิยูมิ มินิครีมเค้ก 40กรัม | X12: =+R12-U12 -> 0
A13: 6 | B13: ยูมิยูมิ เค้กครีมสลัดไก่หยอง 75กรัม | C13: =SUMIF(Data!E:E,B13,Data!F:F) -> 42 | E13: ชิ้น | H13: =+G13-$D$6 -> 0 | J13: =ROUNDDOWN((D13/C13),0) -> 0 | K13: =SUMIF(Data!E:E,'มหาชัย(1)'!B13,Data!F:F)*J13 -> 0 | L13: =ROUNDUP((M13/C13),0) -> 0 | M13: =D13-K13 -> 0 | N13: =INDEX(Data!C:C,MATCH(F9,Data!B:B,0)) -> #N/A | O13: =H13-N13 -> #N/A | Q13: =$B$13 -> ยูมิยูมิ เค้กครีมสลัดไก่หยอง 75กรัม | R13: =SUM('นครสวรรค์(2):มหาชัย(1)'!D13) -> 0 | T13: =$B$13 -> ยูมิยูมิ เค้กครีมสลัดไก่หยอง 75กรัม | U13: =SUM('หาดใหญ่(1):มหาชัย(1)'!D13) -> 0 | W13: =$B$13 -> ยูมิยูมิ เค้กครีมสลัดไก่หยอง 75กรัม | X13: =+R13-U13 -> 0
A14: 7 | B14: ยูมิยูมิ ชิสึเค้ก 70กรัม | C14: =SUMIF(Data!E:E,B14,Data!F:F) -> 32 | E14: ชิ้น | H14: =+G14-$D$6 -> 0 | J14: =ROUNDDOWN((D14/C14),0) -> 0 | K14: =SUMIF(Data!E:E,'มหาชัย(1)'!B14,Data!F:F)*J14 -> 0 | L14: =ROUNDUP((M14/C14),0) -> 0 | M14: =D14-K14 -> 0 | N14: =INDEX(Data!C:C,MATCH(F10,Data!B:B,0)) -> #N/A | O14: =H14-N14 -> #N/A | Q14: =$B$14 -> ยูมิยูมิ ชิสึเค้ก 70กรัม | R14: =SUM('นครสวรรค์(2):มหาชัย(1)'!D14) -> 0 | T14: =$B$14 -> ยูมิยูมิ ชิสึเค้ก 70กรัม | U14: =SUM('หาดใหญ่(1):มหาชัย(1)'!D14) -> 0 | W14: =$B$14 -> ยูมิยูมิ ชิสึเค้ก 70กรัม | X14: =+R14-U14 -> 0
A15: 8 | B15: ยูมิยูมิ บลูเบอร์รี่เค้ก 52กรัม | C15: =SUMIF(Data!E:E,B15,Data!F:F) -> 70 | E15: ชิ้น | H15: =+G15-$D$6 -> 0 | J15: =ROUNDDOWN((D15/C15),0) -> 0 | K15: =SUMIF(Data!E:E,'มหาชัย(1)'!B15,Data!F:F)*J15 -> 0 | L15: =ROUNDUP((M15/C15),0) -> 0 | M15: =D15-K15 -> 0 | N15: =INDEX(Data!C:C,MATCH(F11,Data!B:B,0)) -> #N/A | O15: =H15-N15 -> #N/A | Q15: =$B$15 -> ยูมิยูมิ บลูเบอร์รี่เค้ก 52กรัม | R15: =SUM('นครสวรรค์(2):มหาชัย(1)'!D15) -> 0 | T15: =$B$15 -> ยูมิยูมิ บลูเบอร์รี่เค้ก 52กรัม | U15: =SUM('หาดใหญ่(1):มหาชัย(1)'!D15) -> 0 | W15: =$B$15 -> ยูมิยูมิ บลูเบอร์รี่เค้ก 52กรัม | X15: =+R15-U15 -> 0
A16: 9 | B16: ยูมิยูมิ เค้กสาหร่ายไก่หยอง 75กรัม | C16: =SUMIF(Data!E:E,B16,Data!F:F) -> 45 | E16: ชิ้น | H16: =+G16-$D$6 -> 0 | J16: =ROUNDDOWN((D16/C16),0) -> 0 | K16: =SUMIF(Data!E:E,'มหาชัย(1)'!B16,Data!F:F)*J16 -> 0 | L16: =ROUNDUP((M16/C16),0) -> 0 | M16: =D16-K16 -> 0 | N16: =INDEX(Data!C:C,MATCH(F12,Data!B:B,0)) -> #N/A | O16: =H16-N16 -> #N/A | Q16: =$B$16 -> ยูมิยูมิ เค้กสาหร่ายไก่หยอง 75กรัม | R16: =SUM('นครสวรรค์(2):มหาชัย(1)'!D16) -> 0 | T16: =$B$16 -> ยูมิยูมิ เค้กสาหร่ายไก่หยอง 75กรัม | U16: =SUM('หาดใหญ่(1):มหาชัย(1)'!D16) -> 0 | W16: =$B$16 -> ยูมิยูมิ เค้กสาหร่ายไก่หยอง 75กรัม | X16: =+R16-U16 -> 0
A17: 10 | B17: ยูมิยูมิ เค้กช็อกโกแลตเฮเซลนัท 75กรัม | C17: =SUMIF(Data!E:E,B17,Data!F:F) -> 48 | E17: ชิ้น | H17: =+G17-$D$6 -> 0 | J17: =ROUNDDOWN((D17/C17),0) -> 0 | K17: =SUMIF(Data!E:E,'มหาชัย(1)'!B17,Data!F:F)*J17 -> 0 | L17: =ROUNDUP((M17/C17),0) -> 0 | M17: =D17-K17 -> 0 | N17: =INDEX(Data!C:C,MATCH(F13,Data!B:B,0)) -> #N/A | O17: =H17-N17 -> #N/A | Q17: =$B$17 -> ยูมิยูมิ เค้กช็อกโกแลตเฮเซลนัท 75กรัม | R17: =SUM('นครสวรรค์(2):มหาชัย(1)'!D17) -> 0 | T17: =$B$17 -> ยูมิยูมิ เค้กช็อกโกแลตเฮเซลนัท 75กรัม | U17: =SUM('หาดใหญ่(1):มหาชัย(1)'!D17) -> 0 | W17: =$B$17 -> ยูมิยูมิ เค้กช็อกโกแลตเฮเซลนัท 75กรัม | X17: =+R17-U17 -> 0
A18: 11 | B18: ยูมิยูมิ ชิฟฟอนชีสเค้ก 75กรัม | C18: =SUMIF(Data!E:E,B18,Data!F:F) -> 48 | E18: ชิ้น | H18: =+G18-$D$6 -> 0 | J18: =ROUNDDOWN((D18/C18),0) -> 0 | K18: =SUMIF(Data!E:E,'มหาชัย(1)'!B18,Data!F:F)*J18 -> 0 | L18: =ROUNDUP((M18/C18),0) -> 0 | M18: =D18-K18 -> 0 | N18: =INDEX(Data!C:C,MATCH(F14,Data!B:B,0)) -> #N/A | O18: =H18-N18 -> #N/A | Q18: =$B$18 -> ยูมิยูมิ ชิฟฟอนชีสเค้ก 75กรัม | R18: =SUM('นครสวรรค์(2):มหาชัย(1)'!D18) -> 0 | T18: =$B$18 -> ยูมิยูมิ ชิฟฟอนชีสเค้ก 75กรัม | U18: =SUM('หาดใหญ่(1):มหาชัย(1)'!D18) -> 0 | W18: =$B$18 -> ยูมิยูมิ ชิฟฟอนชีสเค้ก 75กรัม | X18: =+R18-U18 -> 0
A19: 12 | B19: วาฟเฟิลครีมโคโคนัทมิลค์ 62กรัม | C19: =SUMIF(Data!E:E,B19,Data!F:F) -> 60 | E19: ชิ้น | H19: =+G19-$D$6 -> 0 | J19: =ROUNDDOWN((D19/C19),0) -> 0 | K19: =SUMIF(Data!E:E,'มหาชัย(1)'!B19,Data!F:F)*J19 -> 0 | L19: =ROUNDUP((M19/C19),0) -> 0 | M19: =D19-K19 -> 0 | N19: =INDEX(Data!C:C,MATCH(F15,Data!B:B,0)) -> #N/A | O19: =H19-N19 -> #N/A | Q19: =$B$19 -> วาฟเฟิลครีมโคโคนัทมิลค์ 62กรัม | R19: =SUM('นครสวรรค์(2):มหาชัย(1)'!D19) -> 0 | T19: =$B$19 -> วาฟเฟิลครีมโคโคนัทมิลค์ 62กรัม | U19: =SUM('หาดใหญ่(1):มหาชัย(1)'!D19) -> 0 | W19: =$B$19 -> วาฟเฟิลครีมโคโคนัทมิลค์ 62กรัม | X19: =+R19-U19 -> 0
A20: 13 | B20: ยูมิยูมิ เค้กโรลนมชมพู 55กรัม | C20: =SUMIF(Data!E:E,B20,Data!F:F) -> 50 | E20: ชิ้น | H20: =+G20-$D$6 -> 0 | J20: =ROUNDDOWN((D20/C20),0) -> 0 | K20: =SUMIF(Data!E:E,'มหาชัย(1)'!B20,Data!F:F)*J20 -> 0 | L20: =ROUNDUP((M20/C20),0) -> 0 | M20: =D20-K20 -> 0 | N20: =INDEX(Data!C:C,MATCH(F16,Data!B:B,0)) -> #N/A | O20: =H20-N20 -> #N/A | Q20: =$B$20 -> ยูมิยูมิ เค้กโรลนมชมพู 55กรัม | R20: =SUM('นครสวรรค์(2):มหาชัย(1)'!D20) -> 0 | T20: =$B$20 -> ยูมิยูมิ เค้กโรลนมชมพู 55กรัม | U20: =SUM('หาดใหญ่(1):มหาชัย(1)'!D20) -> 0 | W20: =$B$20 -> ยูมิยูมิ เค้กโรลนมชมพู 55กรัม | X20: =+R20-U20 -> 0
A21: 14 | B21: ยูมิยูมิ วาฟเฟิลครีมราสเบอร์รี่ 62กรัม | C21: =SUMIF(Data!E:E,B21,Data!F:F) -> 60 | E21: ชิ้น | H21: =+G21-$D$6 -> 0 | J21: =ROUNDDOWN((D21/C21),0) -> 0 | K21: =SUMIF(Data!E:E,'มหาชัย(1)'!B21,Data!F:F)*J21 -> 0 | L21: =ROUNDUP((M21/C21),0) -> 0 | M21: =D21-K21 -> 0 | N21: =INDEX(Data!C:C,MATCH(F17,Data!B:B,0)) -> #N/A | O21: =H21-N21 -> #N/A | Q21: =$B$21 -> ยูมิยูมิ วาฟเฟิลครีมราสเบอร์รี่ 62กรัม | R21: =SUM('นครสวรรค์(2):มหาชัย(1)'!D21) -> 0 | T21: =$B$21 -> ยูมิยูมิ วาฟเฟิลครีมราสเบอร์รี่ 62กรัม | U21: =SUM('หาดใหญ่(1):มหาชัย(1)'!D21) -> 0 | W21: =$B$21 -> ยูมิยูมิ วาฟเฟิลครีมราสเบอร์รี่ 62กรัม | X21: =+R21-U21 -> 0
A22: 15 | B22: ยูมิยูมิ ขนมปังมอนสเตอร์รสบลูเบอร์รี่ | C22: =SUMIF(Data!E:E,B22,Data!F:F) -> 55 | E22: ชิ้น | H22: =+G22-$D$6 -> 0 | J22: =ROUNDDOWN((D22/C22),0) -> 0 | K22: =SUMIF(Data!E:E,'มหาชัย(1)'!B22,Data!F:F)*J22 -> 0 | L22: =ROUNDUP((M22/C22),0) -> 0 | M22: =D22-K22 -> 0 | N22: =INDEX(Data!C:C,MATCH(F18,Data!B:B,0)) -> #N/A | O22: =H22-N22 -> #N/A | Q22: =$B$22 -> ยูมิยูมิ ขนมปังมอนสเตอร์รสบลูเบอร์รี่ | R22: =SUM('นครสวรรค์(2):มหาชัย(1)'!D22) -> 0 | T22: =$B$22 -> ยูมิยูมิ ขนมปังมอนสเตอร์รสบลูเบอร์รี่ | U22: =SUM('หาดใหญ่(1):มหาชัย(1)'!D22) -> 0 | W22: =$B$22 -> ยูมิยูมิ ขนมปังมอนสเตอร์รสบลูเบอร์รี่ | X22: =+R22-U22 -> 0
A23: 16 | B23: ยูมิยูมิ เค้กโรลมัตจะ 55กรัม | C23: =SUMIF(Data!E:E,B23,Data!F:F) -> 50 | E23: ชิ้น | H23: =+G23-$D$6 -> 0 | J23: =ROUNDDOWN((D23/C23),0) -> 0 | K23: =SUMIF(Data!E:E,'มหาชัย(1)'!B23,Data!F:F)*J23 -> 0 | L23: =ROUNDUP((M23/C23),0) -> 0 | M23: =D23-K23 -> 0 | N23: =INDEX(Data!C:C,MATCH(F19,Data!B:B,0)) -> #N/A | O23: =H23-N23 -> #N/A | Q23: =$B$23 -> ยูมิยูมิ เค้กโรลมัตจะ 55กรัม | R23: =SUM('นครสวรรค์(2):มหาชัย(1)'!D23) -> 0 | T23: =$B$23 -> ยูมิยูมิ เค้กโรลมัตจะ 55กรัม | U23: =SUM('หาดใหญ่(1):มหาชัย(1)'!D23) -> 0 | W23: =$B$23 -> ยูมิยูมิ เค้กโรลมัตจะ 55กรัม | X23: =+R23-U23 -> 0
A24: 17 | B24: ยูมิยูมิ ขนมปังมอนสเตอร์รสเยลโล่พีช 50กรัม | C24: =SUMIF(Data!E:E,B24,Data!F:F) -> 55 | E24: ชิ้น | H24: =+G24-$D$6 -> 0 | J24: =ROUNDDOWN((D24/C24),0) -> 0 | K24: =SUMIF(Data!E:E,'มหาชัย(1)'!B24,Data!F:F)*J24 -> 0 | L24: =ROUNDUP((M24/C24),0) -> 0 | M24: =D24-K24 -> 0 | N24: =INDEX(Data!C:C,MATCH(F20,Data!B:B,0)) -> #N/A | O24: =H24-N24 -> #N/A | Q24: =$B$24 -> ยูมิยูมิ ขนมปังมอนสเตอร์รสเยลโล่พีช 50กรัม | R24: =SUM('นครสวรรค์(2):มหาชัย(1)'!D24) -> 0 | T24: =$B$24 -> ยูมิยูมิ ขนมปังมอนสเตอร์รสเยลโล่พีช 50กรัม | U24: =SUM('หาดใหญ่(1):มหาชัย(1)'!D24) -> 0 | W24: =$B$24 -> ยูมิยูมิ ขนมปังมอนสเตอร์รสเยลโล่พีช 50กรัม | X24: =+R24-U24 -> 0
A25: 18 | B25: ยูมิยูมิ ขนมปังมอนสเตอร์รสสตอเบอร์รี่ 50กรัม | C25: =SUMIF(Data!E:E,B25,Data!F:F) -> 55 | E25: ชิ้น | H25: =+G25-$D$6 -> 0 | J25: =ROUNDDOWN((D25/C25),0) -> 0 | K25: =SUMIF(Data!E:E,'มหาชัย(1)'!B25,Data!F:F)*J25 -> 0 | L25: =ROUNDUP((M25/C25),0) -> 0 | M25: =D25-K25 -> 0 | N25: =INDEX(Data!C:C,MATCH(F21,Data!B:B,0)) -> #N/A | O25: =H25-N25 -> #N/A | Q25: =$B$25 -> ยูมิยูมิ ขนมปังมอนสเตอร์รสสตอเบอร์รี่ 50กรัม | R25: =SUM('นครสวรรค์(2):มหาชัย(1)'!D25) -> 0 | T25: =$B$25 -> ยูมิยูมิ ขนมปังมอนสเตอร์รสสตอเบอร์รี่ 50กรัม | U25: =SUM('หาดใหญ่(1):มหาชัย(1)'!D25) -> 0 | W25: =$B$25 -> ยูมิยูมิ ขนมปังมอนสเตอร์รสสตอเบอร์รี่ 50กรัม | X25: =+R25-U25 -> 0
A26: 19 | B26: ยูมิยูมิ มินิเค้กไส้ครีมกล้วยหอม 40กรัม | C26: =SUMIF(Data!E:E,B26,Data!F:F) -> 81 | E26: ชิ้น | H26: =+G26-$D$6 -> 0 | J26: =ROUNDDOWN((D26/C26),0) -> 0 | K26: =SUMIF(Data!E:E,'มหาชัย(1)'!B26,Data!F:F)*J26 -> 0 | L26: =ROUNDUP((M26/C26),0) -> 0 | M26: =D26-K26 -> 0 | N26: =INDEX(Data!C:C,MATCH(F22,Data!B:B,0)) -> #N/A | O26: =H26-N26 -> #N/A | Q26: =$B$26 -> ยูมิยูมิ มินิเค้กไส้ครีมกล้วยหอม 40กรัม | R26: =SUM('นครสวรรค์(2):มหาชัย(1)'!D26) -> 0 | T26: =$B$26 -> ยูมิยูมิ มินิเค้กไส้ครีมกล้วยหอม 40กรัม | U26: =SUM('หาดใหญ่(1):มหาชัย(1)'!D26) -> 0 | W26: =$B$26 -> ยูมิยูมิ มินิเค้กไส้ครีมกล้วยหอม 40กรัม | X26: =+R26-U26 -> 0
A27: ยอดรวมสินค้า | J27: ตะกร้าเต็ม | K27: ตะกร้าเศษ | L27: รวมตะกร้า | Q27: รวม | R27: =SUM(R8:R26) -> 0 | T27: รวม | U27: =SUM(U8:U26) -> 0 | W27: รวม | X27: =SUM(X8:X26) -> 0
J28: =SUM($J$8:$J$26) -> 0 | K28: =SUM($L$8:$L$26) -> 0 | L28: =SUM($J$28:$K$28) -> 0
B30: ผู้รับผิดชอบ.......................................... ผู้ตรวจ (เช็คเกอร์)....................................... | G30: พนักงานขนส่ง..........................................
B31: วันที่จัดเสร็จ.......................................... วันที่จัดเสร็จ................................................ | G31: ทะเบียนขนส่ง.............................................
B32: เวลาที่จัดเสร็จ......................................... เวลาที่จัดเสร็จ............................................ | G32: เลขซีล/สี.....................................................

Sheet Data
A1: ชื่อลูกค้า | B1: สถานที่ | C1: เกณฑ์วันการจัดส่ง (ไม่ต่ำกว่า) | E1: สินค้า | F1: บรรจุ | G1: หน่วย
A2: บริษัท เซ็นทรัล ฟู้ด รีเทล จำกัด | B2: นนทบุรี | E2: ยูมิยูมิ เค้กไข่ชีส 78 กรัม | F2: 36 | G2: ลัง
A3: บริษัท ซีพี ออลล์ จำกัด | B3: BDC.โชคชัยร่วมมิตร | C3: 60 | E3: ยูมิยูมิ เค้กไก่หยองน้ำสลัด 52กรัม | F3: 40 | G3: แพ็ค
A4: บริษัท ซีพี ออลล์ จำกัด | B4: BDC.สำโรง | C4: 60 | E4: ยูมิยูมิ ชีสเค้ก 52กรัม | F4: 40 | G4: ชิ้น
A5: บริษัท ซีพี ออลล์ จำกัด | B5: BDC.ร่มเกล้า | C5: 60 | E5: ยูมิยูมิ มิลค์เค้ก 46กรัม | F5: 48 | G5: กล่อง
A6: บริษัท ซีพี ออลล์ จำกัด | B6: BDC.รังสิต | C6: 60 | E6: ยูมิยูมิ ปังแท่งครีมชีส 55กรัม | F6: 36 | G6: ชุด
A7: บริษัท ซีพี ออลล์ จำกัด | B7: BDC.มหาชัย | C7: 60 | E7: ยูมิยูมิ เลมอนเค้ก 65กรัม | F7: 42
A8: บริษัท ซีพี ออลล์ จำกัด | B8: BDC.สุราษฎร์ | C8: 60 | E8: ยูมิยูมิ ขนมปังกล้วยหอม 65กรัม | F8: 30
A9: บริษัท ซีพี ออลล์ จำกัด | B9: BDC.หาดใหญ่ | C9: 60 | E9: ยูมิยูมิ เค้กทูโทนกลิ่นกาแฟ 90กรัม | F9: 30
A10: บริษัท ซีพี ออลล์ จำกัด | B10: BDC.เชียงใหม่ | C10: 60 | E10: ยูมิยูมิ เค้กทูโทนกลิ่นพีช 90กรัม | F10: 30
A11: บริษัท ซีพี ออลล์ จำกัด | B11: BDC.นครสวรรค์ | C11: 60 | E11: ใหม่ !! ยูมิยูมิ เค้กไข่ชีส 78กรัม | F11: 36
A12: บริษัท ซีพี ออลล์ จำกัด | B12: BDC.นครราชสีมา | C12: 60 | E12: ยูมิยูมิ ซอฟต์เค้ก 43กรัม | F12: 42
A13: บริษัท ซีพี ออลล์ จำกัด | B13: BDC.ขอนแก่น | C13: 60 | E13: ยูมิยูมิ พรีมเค้ก 53กรัม | F13: 56
A14: บริษัท ซีพี ออลล์ จำกัด | B14: BDC.ชลบุรี | C14: 60 | E14: ยูมิยูมิ พิซซ่าเค้ก 75กรัม | F14: 60
A15: บริษัท ปิโตรเลียมไทยคอร์ปอเรชั่น จำกัด | B15: DC.T-Park Wangnoi | C15: 45 | E15: ยูมิยูมิ เค้กอัลมอนด์ 75กรัม | F15: 42
E16: ยูมิยูมิ ขนมปังข้าวโพด 65กรัม | F16: 36
E17: ยูมิยูมิ โรลช็อกโกแลตเค้ก 55กรัม | F17: 50
E18: ยูมิยูมิ เค้กห่อไข่ไส้ครีม 63กรัม | F18: 60
E19: ยูมิยูมิ มินิครีมเค้ก 40กรัม | F19: 81
E20: ยูมิยูมิ ปังบิสกิตไส้ครีมชีส 65กรัม | F20: 36
E21: ยูมิยูมิ ปังบิสกิตไส้ครีมชีส (โปร1แถม1) | F21: 20
E22: ยูมิยูมิ เค้กครีมสลัดไก่หยอง 75กรัม | F22: 42
E23: ยูมิยูมิ ชิสึเค้ก 70กรัม | F23: 32
E24: ยูมิยูมิ บลูเบอร์รี่เค้ก 52กรัม | F24: 70
E25: ยูมิยูมิ ปังบิสกิตไส้ช็อกโกแลต 65กรัม | F25: 40
E26: ยูมิยูมิ ปังบิสกิตไส้ช็อกโกแลต (โปร1แถม1) | F26: 20
E27: ยูมิยูมิ ชิฟฟอนชีสเค้ก 75กรัม | F27: 48
... E40: ยูมิยูมิ มินิเค้กไส้ครีมกล้วยหอม 40กรัม | F40: 81
